1654694888836549632,0.07344,-0.42086,0.48329,0.95255,-0.00124,0.03328,-0.30255,
1654694889636469760,-0.47795,0.01879,0.45251,0.94802,-0.00097,0.03339,-0.31646,
1654694890085332480,-0.65991,-0.03285,0.43143,0.94077,-0.00043,0.03377,-0.33735,
1654694890686336000,-0.85838,0.10912,0.42241,0.93749,0.00025,0.03386,-0.34635,
1654694891085370624,-0.98496,0.09961,0.40976,0.93342,0.00045,0.03395,-0.35717,
1654694891635248640,-0.99910,0.32519,0.42848,0.92837,0.00104,0.03426,-0.37008,
1654694892036491008,-1.08171,0.39181,0.42594,0.92215,0.00130,0.03517,-0.38523,
1654694892586286080,-1.13958,0.56247,0.42413,0.91506,0.00258,0.03727,-0.40159,
1654694892986405888,-1.23310,0.63086,0.42355,0.90884,0.00221,0.03865,-0.41533,
1654694893436436736,-1.32273,0.67729,0.42447,0.90157,0.00171,0.03967,-0.43081,
1654694893886308608,-1.43437,0.68944,0.42417,0.89374,0.00163,0.04046,-0.44676,
1654694894335305216,-1.47605,0.67407,0.42661,0.88678,0.00225,0.04039,-0.46042,
1654694894785300224,-1.56388,0.64916,0.42671,0.87902,0.00231,0.04181,-0.47495,
1654694895235315200,-1.65751,0.60873,0.42746,0.87183,0.00309,0.04210,-0.48799,
1654694895685359360,-1.75582,0.45132,0.43697,0.86469,0.00445,0.04440,-0.50032,
1654694896135250432,-1.81232,0.32925,0.44248,0.85709,0.00521,0.04561,-0.51312,
1654694896586343936,-1.86896,0.22929,0.44820,0.84930,0.00537,0.04654,-0.52582,
1654694896986379264,-1.91274,0.17563,0.45099,0.84199,0.00547,0.04627,-0.53747,
1654694897386375424,-2.00354,0.09920,0.44830,0.83359,0.00461,0.04598,-0.55044,
1654694897785319680,-2.10030,0.04614,0.45821,0.82575,0.00366,0.04410,-0.56230,
1654694898285436416,-2.13629,0.02355,0.47324,0.81744,0.00459,0.04240,-0.57444,
1654694901235382016,-2.43483,0.08510,0.47730,0.78594,0.00501,0.04159,-0.61688,
1654694901736373760,-2.31956,0.15255,0.56078,0.78549,0.00489,0.03822,-0.61767,
1654694902436363520,-2.42221,0.17174,0.66342,0.77785,0.00365,0.03731,-0.62733,
1654694902986318592,-2.36368,0.23986,0.74972,0.77831,0.00304,0.03575,-0.62685,
1654694903535301888,-2.30557,0.32298,0.83882,0.77389,0.00237,0.03584,-0.63230,
1654694904136381440,-2.23561,0.37937,0.93789,0.77595,0.00177,0.03504,-0.62982,
1654694904835313920,-2.23483,0.41108,1.04982,0.77607,0.00107,0.03556,-0.62964,
1654694905785330176,-2.15456,0.33559,1.21076,0.78469,0.00064,0.03667,-0.61880,
1654694907036274176,-2.22646,0.04504,1.40704,0.81485,-0.00134,0.03908,-0.57836,
1654694908485376256,-2.21570,0.08842,1.63456,0.81415,-0.00253,0.03893,-0.57934,
1654694909936289280,-2.20617,0.07626,1.85319,0.81340,-0.00380,0.03960,-0.58034,
1654694911336319232,-2.19484,0.06614,2.05676,0.81305,-0.00383,0.03999,-0.58080,
1654694913335501312,-2.20058,0.01953,2.22374,0.81249,-0.00353,0.04087,-0.58154,
1654694914786365440,-2.17114,0.01206,2.35074,0.81195,-0.00365,0.04191,-0.58221,
1654694916086288384,-2.17611,-0.03987,2.43854,0.81166,-0.00348,0.04242,-0.58258,
1654694917085317632,-2.17237,-0.00625,2.52325,0.81141,-0.00324,0.04283,-0.58290,
1654694918335315456,-2.17449,-0.02512,2.62232,0.81106,-0.00289,0.04358,-0.58333,
1654694919686370560,-2.17835,-0.02467,2.74128,0.81071,-0.00257,0.04422,-0.58377,
1654694921136345856,-2.18345,-0.03243,2.87488,0.81014,-0.00216,0.04513,-0.58450,
1654694922135423744,-2.19357,-0.01708,2.99000,0.80983,-0.00174,0.04577,-0.58487,
1654694923236356608,-2.21553,-0.00224,3.10327,0.80917,-0.00130,0.04634,-0.58574,
1654694925436696576,-2.26624,0.04964,3.35616,0.80797,-0.00014,0.04759,-0.58729,
1654694928286340352,-2.36385,0.23278,3.66851,0.80668,0.00100,0.04840,-0.58900,
1654694940535374848,-2.17878,-0.04804,4.06107,0.80628,0.00091,0.05167,-0.58927,
1654694957936410112,-1.76028,-0.42965,4.45148,0.80547,0.00068,0.05800,-0.58980,
1654694963436468992,-1.68123,-0.88138,4.55769,0.80002,0.00718,0.06186,-0.59674,
1654694963986590976,-1.80543,-1.03232,4.62321,0.79589,0.00886,0.06400,-0.60198,
1654694964736481024,-1.97490,-1.02596,4.62289,0.79049,0.00827,0.06367,-0.60910,
1654694965235484928,-2.12752,-1.09210,4.63677,0.78529,0.00882,0.06405,-0.61574,
1654694965785480192,-2.29455,-1.08401,4.60560,0.78019,0.00859,0.06286,-0.62232,
1654694966335471872,-2.46210,-1.14979,4.64410,0.77415,0.01016,0.06314,-0.62976,
1654694966786518784,-2.66144,-1.09432,4.67763,0.76908,0.00908,0.06323,-0.63596,
1654694967286988544,-2.85007,-1.02307,4.64971,0.76415,0.00849,0.06243,-0.64195,
1654694967785498880,-3.03507,-1.14951,4.66844,0.75929,0.00857,0.06138,-0.64779,
1654694968236622336,-3.22662,-1.32335,4.65026,0.75465,0.00911,0.06121,-0.65321,
1654694968736663552,-3.44733,-1.48859,4.63412,0.74968,0.01292,0.06139,-0.65882,
1654694969185350656,-3.57954,-1.50197,4.63582,0.74499,0.01348,0.05995,-0.66424,
1654694969686430976,-3.70562,-1.57270,4.62979,0.73968,0.01442,0.05819,-0.67028,
1654694970185372672,-3.88227,-1.65087,4.62216,0.73452,0.01630,0.05697,-0.67600,
1654694970636870912,-4.00244,-1.67412,4.61565,0.72963,0.01933,0.05609,-0.68127,
1654694971086468864,-4.12274,-1.71636,4.59710,0.72398,0.02774,0.05570,-0.68701,
1654694971486401536,-4.25618,-1.74638,4.58579,0.71853,0.03388,0.05667,-0.69236,
1654694971836498944,-4.35920,-1.76645,4.58091,0.71354,0.03512,0.05669,-0.69744,
1654694972186609920,-4.50090,-1.81993,4.57539,0.70854,0.03453,0.05538,-0.70264,
1654694972585378048,-4.64030,-1.87447,4.56940,0.70304,0.03285,0.05423,-0.70832,
1654694972936510720,-4.79366,-1.94492,4.56632,0.69815,0.03002,0.05330,-0.71334,
1654694973285499392,-4.92697,-2.02781,4.56654,0.69276,0.02628,0.05226,-0.71879,
1654694973636411392,-5.07691,-2.10525,4.56638,0.68744,0.02394,0.05185,-0.72400,
1654694973986410496,-5.22173,-2.15335,4.56878,0.68250,0.02245,0.05175,-0.72871,
1654694974335519744,-5.35165,-2.17714,4.57156,0.67718,0.02201,0.05165,-0.73367,
1654694974686386688,-5.49883,-2.19988,4.57260,0.67171,0.02206,0.05154,-0.73869,
1654694975036455680,-5.62760,-2.21296,4.57506,0.66623,0.02206,0.05133,-0.74365,
1654694975385466368,-5.75514,-2.22725,4.57551,0.66086,0.02218,0.05108,-0.74844,
1654694975736422144,-5.90691,-2.24825,4.57533,0.65571,0.02222,0.05111,-0.75295,
1654694976085590272,-6.01521,-2.23918,4.57817,0.65024,0.02210,0.05062,-0.75772,
1654694976436451840,-6.14368,-2.24132,4.57792,0.64468,0.02222,0.05057,-0.76245,
1654694976785399552,-6.26296,-2.23569,4.57871,0.63908,0.02234,0.05027,-0.76717,
1654694977086495232,-6.37754,-2.23422,4.58025,0.63395,0.02242,0.04992,-0.77144,
1654694977385494272,-6.51007,-2.23651,4.58016,0.62864,0.02272,0.04966,-0.77578,
1654694977685359104,-6.60716,-2.22877,4.58078,0.62335,0.02311,0.04944,-0.78004,
1654694977985402112,-6.72554,-2.22860,4.58174,0.61823,0.02337,0.04920,-0.78411,
1654694978235595520,-6.82452,-2.22745,4.58234,0.61373,0.02374,0.04897,-0.78764,
1654694978336512000,-6.86427,-2.22400,4.58274,0.61201,0.02391,0.04885,-0.78897,
1654694978536429824,-6.94400,-2.22041,4.58409,0.60832,0.02416,0.04867,-0.79183,
1654694978635793920,-6.99026,-2.21873,4.58493,0.60649,0.02424,0.04841,-0.79324,
1654694978686955264,-7.01052,-2.21680,4.58551,0.60562,0.02423,0.04844,-0.79391,
1654694978835435264,-7.07183,-2.21382,4.58706,0.60310,0.02435,0.04821,-0.79583,
1654694978886734080,-7.09261,-2.21234,4.58762,0.60212,0.02450,0.04805,-0.79658,
1654694978936482816,-7.11224,-2.21192,4.58808,0.60119,0.02456,0.04801,-0.79729,
1654694978985360128,-7.13227,-2.20980,4.58847,0.60048,0.02456,0.04800,-0.79782,
1654694979035404032,-7.15252,-2.20699,4.58889,0.59952,0.02458,0.04786,-0.79855,
1654694979085543680,-7.17231,-2.20446,4.58928,0.59869,0.02451,0.04789,-0.79917,
1654694979136790272,-7.19206,-2.20275,4.58959,0.59793,0.02448,0.04793,-0.79974,
1654694979186381056,-7.21143,-2.20141,4.58994,0.59687,0.02452,0.04786,-0.80053,
1654694979236398592,-7.23154,-2.19985,4.59025,0.59614,0.02454,0.04792,-0.80108,
1654694979285509888,-7.25132,-2.19816,4.59055,0.59527,0.02459,0.04782,-0.80173,
1654694979335418112,-7.27101,-2.19653,4.59088,0.59435,0.02462,0.04779,-0.80241,
1654694979385388032,-7.29106,-2.19496,4.59118,0.59359,0.02467,0.04787,-0.80296,
1654694979436799488,-7.31226,-2.19316,4.59154,0.59259,0.02479,0.04771,-0.80370,
1654694979485403904,-7.33181,-2.19133,4.59191,0.59166,0.02481,0.04770,-0.80439,
1654694979536759808,-7.35318,-2.18927,4.59230,0.59090,0.02485,0.04763,-0.80496,
1654694979586418944,-7.37373,-2.18710,4.59273,0.58983,0.02495,0.04751,-0.80574,
1654694979635438080,-7.39392,-2.18483,4.59316,0.58904,0.02496,0.04752,-0.80632,
1654694979685374976,-7.41450,-2.18243,4.59365,0.58816,0.02502,0.04741,-0.80697,
1654694979736358912,-7.43570,-2.17997,4.59423,0.58711,0.02512,0.04731,-0.80773,
1654694979785396736,-7.45619,-2.17756,4.59478,0.58636,0.02514,0.04726,-0.80828,
1654694979836344832,-7.47741,-2.17501,4.59540,0.58534,0.02517,0.04715,-0.80903,
1654694979886450944,-7.49828,-2.17246,4.59601,0.58434,0.02526,0.04708,-0.80975,
1654694979936569088,-7.51926,-2.16986,4.59661,0.58358,0.02531,0.04704,-0.81030,
1654694979986351616,-7.53994,-2.16722,4.59722,0.58252,0.02540,0.04688,-0.81107,
1654694980036427520,-7.56087,-2.16459,4.59776,0.58167,0.02545,0.04688,-0.81167,
1654694980085395712,-7.58118,-2.16199,4.59829,0.58080,0.02554,0.04681,-0.81230,
1654694980135433728,-7.60186,-2.15937,4.59881,0.57974,0.02561,0.04675,-0.81306,
1654694980186942464,-7.62316,-2.15660,4.59928,0.57893,0.02566,0.04678,-0.81363,
1654694980286464512,-7.66406,-2.15119,4.60020,0.57698,0.02581,0.04665,-0.81501,
1654694980336367104,-7.68442,-2.14863,4.60065,0.57623,0.02583,0.04669,-0.81554,
1654694980385648640,-7.70460,-2.14576,4.60113,0.57514,0.02590,0.04655,-0.81632,
1654694980435392000,-7.72483,-2.14291,4.60161,0.57435,0.02596,0.04659,-0.81687,
1654694980485453056,-7.74506,-2.14002,4.60211,0.57348,0.02599,0.04654,-0.81748,
1654694980536416256,-7.76569,-2.13691,4.60268,0.57248,0.02609,0.04640,-0.81819,
1654694980585393664,-7.78537,-2.13406,4.60325,0.57175,0.02608,0.04648,-0.81870,
1654694980635498752,-7.80543,-2.13093,4.60387,0.57079,0.02614,0.04637,-0.81937,
1654694980686486272,-7.82580,-2.12778,4.60454,0.56979,0.02615,0.04636,-0.82007,
1654694980736388352,-7.84588,-2.12471,4.60524,0.56904,0.02618,0.04642,-0.82058,
1654694980785462016,-7.86563,-2.12153,4.60598,0.56799,0.02628,0.04624,-0.82132,
1654694980836520960,-7.88635,-2.11820,4.60671,0.56724,0.02633,0.04619,-0.82184,
1654694980886496512,-7.90640,-2.11501,4.60737,0.56640,0.02634,0.04619,-0.82241,
1654694980936497408,-7.92666,-2.11181,4.60798,0.56540,0.02644,0.04607,-0.82310,
1654694980985377536,-7.94651,-2.10886,4.60856,0.56461,0.02639,0.04618,-0.82364,
1654694981036653824,-7.96763,-2.10571,4.60921,0.56358,0.02654,0.04605,-0.82435,
1654694981085466880,-7.98789,-2.10255,4.60983,0.56263,0.02661,0.04595,-0.82500,
1654694981135351040,-8.00866,-2.09918,4.61042,0.56187,0.02661,0.04599,-0.82551,
1654694981185382400,-8.02957,-2.09543,4.61104,0.56082,0.02678,0.04577,-0.82624,
1654694981235436800,-8.05044,-2.09175,4.61162,0.55999,0.02679,0.04580,-0.82680,
1654694981286409472,-8.07187,-2.08797,4.61222,0.55905,0.02694,0.04571,-0.82744,
1654694981336358912,-8.09297,-2.08412,4.61280,0.55794,0.02705,0.04558,-0.82819,
1654694981386441472,-8.11418,-2.08007,4.61333,0.55710,0.02703,0.04570,-0.82875,
1654694981435397888,-8.13489,-2.07604,4.61389,0.55611,0.02715,0.04553,-0.82942,
1654694981486427904,-8.15649,-2.07163,4.61451,0.55505,0.02717,0.04551,-0.83013,
1654694981535468544,-8.17737,-2.06725,4.61516,0.55432,0.02715,0.04549,-0.83061,
1654694981585460480,-8.19871,-2.06260,4.61591,0.55320,0.02727,0.04527,-0.83137,
1654694981836459776,-8.30471,-2.03793,4.61954,0.54850,0.02732,0.04507,-0.83449,
1654694982036373248,-8.38869,-2.01593,4.62241,0.54480,0.02746,0.04479,-0.83692,
1654694982235413504,-8.47108,-1.99288,4.62484,0.54110,0.02761,0.04457,-0.83932,
1654694982386381568,-8.53092,-1.97250,4.62693,0.53826,0.02762,0.04449,-0.84115,
1654694982636797696,-8.62960,-1.94215,4.63099,0.53374,0.02780,0.04420,-0.84403,
1654694982686378752,-8.64435,-1.93173,4.63244,0.53272,0.02774,0.04410,-0.84468,
1654694982836372736,-8.70368,-1.91410,4.63437,0.53003,0.02785,0.04416,-0.84637,
1654694982886514688,-8.72607,-1.90950,4.63436,0.52914,0.02793,0.04415,-0.84693,
1654694982936371968,-8.75234,-1.91027,4.63341,0.52806,0.02828,0.04415,-0.84759,
1654694982986420992,-8.77247,-1.90554,4.63374,0.52726,0.02841,0.04429,-0.84808,
1654694983036465664,-8.79347,-1.89927,4.63431,0.52626,0.02854,0.04411,-0.84870,
1654694983086472448,-8.81688,-1.89338,4.63496,0.52521,0.02862,0.04407,-0.84935,
1654694983136439552,-8.84126,-1.88593,4.63565,0.52442,0.02862,0.04408,-0.84983,
1654694983186503936,-8.86185,-1.87707,4.63639,0.52327,0.02870,0.04385,-0.85055,
1654694983236367872,-8.88104,-1.86839,4.63703,0.52241,0.02865,0.04394,-0.85108,
1654694983286408960,-8.89987,-1.86023,4.63766,0.52147,0.02862,0.04394,-0.85165,
1654694983336342784,-8.91947,-1.85225,4.63828,0.52037,0.02872,0.04384,-0.85233,
1654694983386568192,-8.93895,-1.84460,4.63890,0.51955,0.02871,0.04403,-0.85282,
1654694983436464128,-8.95883,-1.83674,4.63957,0.51855,0.02882,0.04391,-0.85343,
1654694983486544384,-8.97888,-1.82879,4.64026,0.51746,0.02891,0.04388,-0.85409,
1654694983536516608,-8.99879,-1.82102,4.64093,0.51667,0.02894,0.04396,-0.85457,
1654694983586621696,-9.01872,-1.81307,4.64163,0.51553,0.02905,0.04379,-0.85526,
1654694983636552448,-9.03855,-1.80524,4.64233,0.51464,0.02906,0.04388,-0.85579,
1654694983686420736,-9.05839,-1.79742,4.64308,0.51371,0.02913,0.04384,-0.85635,
1654694983736349440,-9.07847,-1.78938,4.64387,0.51260,0.02927,0.04366,-0.85702,
1654694983786475776,-9.09854,-1.78137,4.64462,0.51175,0.02928,0.04370,-0.85752,
1654694983836473856,-9.11852,-1.77316,4.64537,0.51077,0.02940,0.04352,-0.85811,
1654694983886545664,-9.13819,-1.76497,4.64608,0.50972,0.02946,0.04349,-0.85873,
1654694983936397824,-9.15838,-1.75639,4.64677,0.50901,0.02943,0.04359,-0.85916,
1654694983986399232,-9.17779,-1.74748,4.64746,0.50788,0.02950,0.04340,-0.85983,
1654694984036478208,-9.19633,-1.73875,4.64811,0.50698,0.02946,0.04353,-0.86035,
1654694984086422528,-9.21487,-1.72991,4.64874,0.50609,0.02951,0.04351,-0.86088,
1654694984136421120,-9.23316,-1.72102,4.64935,0.50505,0.02956,0.04336,-0.86149,
1654694984186390272,-9.25106,-1.71243,4.64992,0.50428,0.02951,0.04353,-0.86194,
1654694984236523520,-9.26977,-1.70383,4.65053,0.50335,0.02962,0.04342,-0.86248,
1654694984286501888,-9.28871,-1.69522,4.65115,0.50227,0.02969,0.04338,-0.86311,
1654694984336449536,-9.30791,-1.68652,4.65175,0.50147,0.02971,0.04350,-0.86357,
1654694984386425344,-9.32708,-1.67752,4.65239,0.50036,0.02982,0.04333,-0.86422,
1654694984436441344,-9.34614,-1.66846,4.65300,-0.49951,-0.02981,-0.04340,0.86471,
1654694984486387712,-9.36523,-1.65923,4.65368,-0.49865,-0.02984,-0.04334,0.86521,
1654694984536395264,-9.38450,-1.64979,4.65440,-0.49756,-0.02995,-0.04319,0.86583,
1654694984586412800,-9.40376,-1.64045,4.65513,-0.49672,-0.02993,-0.04333,0.86631,
1654694984636476416,-9.42313,-1.63094,4.65592,-0.49567,-0.03007,-0.04315,0.86692,
1654694984686416896,-9.44248,-1.62129,4.65672,-0.49455,-0.03014,-0.04307,0.86756,
1654694984736977152,-9.46210,-1.61146,4.65751,-0.49377,-0.03015,-0.04317,0.86800,
1654694984786430720,-9.48130,-1.60160,4.65830,-0.49263,-0.03031,-0.04291,0.86865,
1654694984836865536,-9.50095,-1.59153,4.65907,-0.49173,-0.03029,-0.04293,0.86916,
1654694984886870272,-9.52035,-1.58153,4.65984,-0.49080,-0.03035,-0.04284,0.86969,
1654694984936463616,-9.53964,-1.57149,4.66058,-0.48967,-0.03047,-0.04261,0.87033,
1654694984986413056,-9.55892,-1.56150,4.66128,-0.48879,-0.03044,-0.04272,0.87082,
1654694985036466176,-9.57820,-1.55134,4.66202,-0.48778,-0.03054,-0.04259,0.87139,
1654694985086791424,-9.59748,-1.54110,4.66278,-0.48664,-0.03061,-0.04254,0.87203,
1654694985136360960,-9.61647,-1.53102,4.66354,-0.48588,-0.03060,-0.04263,0.87245,
1654694985186466048,-9.63564,-1.52068,4.66434,-0.48473,-0.03072,-0.04239,0.87310,
1654694985236358912,-9.65469,-1.51041,4.66510,-0.48380,-0.03074,-0.04243,0.87361,
1654694985285498112,-9.67329,-1.50026,4.66584,-0.48294,-0.03079,-0.04240,0.87409,
1654694985336507136,-9.69259,-1.48960,4.66661,-0.48177,-0.03091,-0.04225,0.87473,
1654694985386382592,-9.71133,-1.47932,4.66734,-0.48093,-0.03090,-0.04237,0.87519,
1654694985436403200,-9.73010,-1.46884,4.66814,-0.47995,-0.03104,-0.04221,0.87573,
1654694985485597952,-9.74846,-1.45851,4.66895,-0.47889,-0.03110,-0.04210,0.87631,
1654694985535419648,-9.76692,-1.44805,4.66977,-0.47819,-0.03106,-0.04216,0.87669,
1654694985585436672,-9.78532,-1.43736,4.67064,-0.47707,-0.03119,-0.04192,0.87731,
1654694985635406848,-9.80369,-1.42675,4.67147,-0.47622,-0.03121,-0.04202,0.87777,
1654694985685419008,-9.82184,-1.41611,4.67234,-0.47535,-0.03122,-0.04200,0.87824,
1654694985735388672,-9.84013,-1.40532,4.67324,-0.47425,-0.03129,-0.04182,0.87884,
1654694985785435648,-9.85829,-1.39457,4.67409,-0.47344,-0.03126,-0.04199,0.87927,
1654694985835519744,-9.87648,-1.38359,4.67497,-0.47246,-0.03135,-0.04185,0.87980,
1654694985885519104,-9.89460,-1.37261,4.67581,-0.47143,-0.03140,-0.04179,0.88035,
1654694985936449536,-9.91305,-1.36141,4.67664,-0.47070,-0.03139,-0.04190,0.88074,
1654694985986392576,-9.93112,-1.35032,4.67748,-0.46958,-0.03149,-0.04164,0.88135,
1654694986035386112,-9.94894,-1.33949,4.67826,-0.46868,-0.03146,-0.04176,0.88182,
1654694986085412096,-9.96714,-1.32830,4.67907,-0.46776,-0.03150,-0.04175,0.88231,
1654694986135458304,-9.98547,-1.31691,4.67990,-0.46662,-0.03159,-0.04161,0.88291,
1654694986185372672,-10.00383,-1.30554,4.68071,-0.46581,-0.03159,-0.04173,0.88334,
1654694986235387904,-10.02237,-1.29388,4.68159,-0.46481,-0.03171,-0.04148,0.88387,
1654694986286985728,-10.04143,-1.28181,4.68250,-0.46367,-0.03178,-0.04147,0.88447,
1654694986336745728,-10.05998,-1.27014,4.68335,-0.46290,-0.03178,-0.04155,0.88487,
1654694986386620160,-10.07856,-1.25824,4.68425,-0.46167,-0.03188,-0.04134,0.88551,
1654694986435409920,-10.09705,-1.24656,4.68511,-0.46070,-0.03186,-0.04142,0.88602,
1654694986486431488,-10.11635,-1.23416,4.68607,-0.45975,-0.03194,-0.04132,0.88651,
1654694986536417792,-10.13521,-1.22174,4.68703,-0.45860,-0.03206,-0.04107,0.88711,
1654694986585553920,-10.15374,-1.20959,4.68793,-0.45776,-0.03206,-0.04114,0.88754,
1654694986635586560,-10.17249,-1.19707,4.68889,-0.45673,-0.03217,-0.04096,0.88808,
1654694986686425088,-10.19156,-1.18442,4.68986,-0.45554,-0.03224,-0.04086,0.88869,
1654694986735480320,-10.20989,-1.17222,4.69078,-0.45473,-0.03221,-0.04094,0.88911,
1654694986786587904,-10.22892,-1.15928,4.69178,-0.45353,-0.03238,-0.04068,0.88972,
1654694986836445696,-10.24732,-1.14667,4.69273,-0.45256,-0.03237,-0.04074,0.89021,
1654694986886354688,-10.26564,-1.13402,4.69368,-0.45166,-0.03239,-0.04070,0.89067,
1654694986935410944,-10.28357,-1.12152,4.69462,-0.45048,-0.03250,-0.04052,0.89127,
1654694986986539776,-10.30218,-1.10871,4.69557,-0.44958,-0.03251,-0.04064,0.89172,
1654694987036407296,-10.32029,-1.09603,4.69652,-0.44860,-0.03264,-0.04045,0.89222,
1654694987085591808,-10.33790,-1.08355,4.69744,-0.44748,-0.03267,-0.04036,0.89279,
1654694987135396864,-10.35568,-1.07095,4.69834,-0.44676,-0.03265,-0.04048,0.89314,
1654694987185440512,-10.37344,-1.05817,4.69930,-0.44562,-0.03280,-0.04024,0.89372,
1654694987235376128,-10.39117,-1.04546,4.70022,-0.44475,-0.03281,-0.04032,0.89415,
1654694987286409728,-10.40904,-1.03238,4.70120,-0.44387,-0.03284,-0.04029,0.89458,
1654694987335382784,-10.42623,-1.01976,4.70216,-0.44276,-0.03294,-0.04013,0.89514,
1654694987385391360,-10.44362,-1.00701,4.70312,-0.44190,-0.03288,-0.04031,0.89556,
1654694987436487424,-10.46138,-0.99369,4.70415,-0.44093,-0.03294,-0.04018,0.89604,
1654694987486521088,-10.47865,-0.98050,4.70517,-0.43984,-0.03295,-0.04010,0.89658,
1654694987535462912,-10.49566,-0.96754,4.70615,-0.43916,-0.03293,-0.04024,0.89690,
1654694987586454528,-10.51342,-0.95386,4.70722,-0.43803,-0.03309,-0.04002,0.89746,
1654694987635468032,-10.53061,-0.94077,4.70826,-0.43709,-0.03303,-0.04013,0.89791,
1654694987685408512,-10.54808,-0.92728,4.70939,-0.43618,-0.03310,-0.04009,0.89836,
1654694987735401984,-10.56568,-0.91360,4.71054,-0.43500,-0.03319,-0.03990,0.89894,
1654694987785386496,-10.58343,-0.89993,4.71165,-0.43415,-0.03316,-0.04001,0.89934,
1654694987836333568,-10.60145,-0.88571,4.71275,-0.43313,-0.03329,-0.03976,0.89984,
1654694987886556928,-10.61916,-0.87164,4.71380,-0.43198,-0.03335,-0.03972,0.90039,
1654694987935439872,-10.63653,-0.85795,4.71478,-0.43123,-0.03331,-0.03985,0.90075,
1654694987986375936,-10.65468,-0.84347,4.71581,-0.43001,-0.03350,-0.03953,0.90134,
1654694988036426752,-10.67232,-0.82943,4.71676,-0.42901,-0.03349,-0.03976,0.90180,
1654694988086448896,-10.69009,-0.81514,4.71771,-0.42807,-0.03352,-0.03965,0.90225,
1654694988136576256,-10.70774,-0.80076,4.71868,-0.42682,-0.03359,-0.03952,0.90285,
1654694988186443520,-10.72538,-0.78653,4.71962,-0.42591,-0.03359,-0.03967,0.90327,
1654694988236506880,-10.74299,-0.77190,4.72063,-0.42494,-0.03378,-0.03937,0.90373,
1654694988286593280,-10.76044,-0.75739,4.72164,-0.42375,-0.03377,-0.03932,0.90429,
1654694988335465984,-10.77764,-0.74315,4.72260,-0.42301,-0.03380,-0.03939,0.90464,
1654694988385424384,-10.79494,-0.72850,4.72361,-0.42179,-0.03390,-0.03921,0.90521,
1654694988435417344,-10.81214,-0.71390,4.72459,-0.42081,-0.03387,-0.03936,0.90566,
1654694988486728448,-10.82949,-0.69879,4.72567,-0.41989,-0.03391,-0.03926,0.90609,
1654694988536342272,-10.84653,-0.68403,4.72678,-0.41871,-0.03403,-0.03905,0.90664,
1654694988586884864,-10.86360,-0.66919,4.72793,-0.41785,-0.03404,-0.03916,0.90703,
1654694988636341760,-10.88027,-0.65447,4.72909,-0.41691,-0.03416,-0.03897,0.90747,
1654694988686983168,-10.89705,-0.63948,4.73028,-0.41576,-0.03418,-0.03888,0.90800,
1654694988736385536,-10.91372,-0.62479,4.73141,-0.41503,-0.03423,-0.03893,0.90833,
1654694988785453056,-10.93010,-0.61017,4.73254,-0.41386,-0.03434,-0.03870,0.90887,
1654694988835404800,-10.94674,-0.59541,4.73359,-0.41286,-0.03430,-0.03877,0.90932,
1654694988886576128,-10.96340,-0.58021,4.73465,-0.41197,-0.03437,-0.03875,0.90972,
1654694988935459584,-10.97926,-0.56551,4.73566,-0.41086,-0.03449,-0.03862,0.91023,
1654694988986392320,-10.99576,-0.55029,4.73670,-0.41003,-0.03448,-0.03875,0.91060,
1654694989036546048,-11.01187,-0.53525,4.73777,-0.40904,-0.03457,-0.03861,0.91104,
1654694989085510912,-11.02876,-0.52110,4.73885,-0.40785,-0.03462,-0.03853,0.91158,
1654694989135470080,-11.04610,-0.50671,4.73993,-0.40703,-0.03462,-0.03868,0.91194,
1654694989185495552,-11.06340,-0.49184,4.74102,-0.40589,-0.03476,-0.03841,0.91245,
1654694989236553216,-11.08032,-0.47629,4.74207,-0.40499,-0.03476,-0.03850,0.91285,
1654694989286931200,-11.09666,-0.46086,4.74313,-0.40413,-0.03479,-0.03843,0.91323,
1654694989336494848,-11.11278,-0.44562,4.74421,-0.40293,-0.03485,-0.03828,0.91376,
1654694989385366272,-11.12904,-0.43066,4.74526,-0.40207,-0.03480,-0.03843,0.91414,
1654694989435492864,-11.14555,-0.41506,4.74642,-0.40104,-0.03496,-0.03820,0.91459,
1654694989485577728,-11.16489,-0.39992,4.74763,-0.39990,-0.03502,-0.03814,0.91510,
1654694989536382720,-11.18410,-0.38392,4.74887,-0.39914,-0.03498,-0.03814,0.91543,
1654694989586484480,-11.20219,-0.36778,4.75013,-0.39797,-0.03510,-0.03786,0.91595,
1654694989635528448,-11.21935,-0.35201,4.75133,-0.39697,-0.03509,-0.03792,0.91637,
1654694989686389760,-11.23669,-0.33565,4.75259,-0.39605,-0.03511,-0.03780,0.91678,
1654694989736397056,-11.25359,-0.31951,4.75383,-0.39481,-0.03517,-0.03764,0.91732,
1654694989785495040,-11.27053,-0.30376,4.75500,-0.39396,-0.03517,-0.03779,0.91768,
1654694989835574528,-11.28867,-0.28815,4.75623,-0.39295,-0.03530,-0.03760,0.91811,
1654694989886373376,-11.30608,-0.27182,4.75755,-0.39173,-0.03531,-0.03752,0.91864,
1654694989936361216,-11.32300,-0.25572,4.75885,-0.39094,-0.03534,-0.03753,0.91897,
1654694989986795776,-11.33980,-0.23936,4.76017,-0.38977,-0.03544,-0.03726,0.91948,
1654694990036353792,-11.35634,-0.22355,4.76142,-0.38879,-0.03541,-0.03733,0.91989,
1654694990086546176,-11.37334,-0.20755,4.76268,-0.38794,-0.03544,-0.03729,0.92025,
1654694990135442944,-11.39038,-0.19208,4.76390,-0.38675,-0.03554,-0.03715,0.92075,
1654694990186614784,-11.40728,-0.17532,4.76514,-0.38590,-0.03550,-0.03728,0.92110,
1654694990235494400,-11.42530,-0.15988,4.76641,-0.38494,-0.03561,-0.03708,0.92151,
1654694990285480960,-11.44352,-0.14436,4.76771,-0.38376,-0.03562,-0.03706,0.92200,
1654694990335414272,-11.46084,-0.12802,4.76904,-0.38298,-0.03562,-0.03715,0.92232,
1654694990386525952,-11.48228,-0.11320,4.77050,-0.38177,-0.03577,-0.03685,0.92283,
1654694990436416256,-11.50468,-0.09937,4.77193,-0.38082,-0.03586,-0.03685,0.92322,
1654694990486922240,-11.52644,-0.08321,4.77343,-0.37993,-0.03596,-0.03672,0.92359,
1654694990536918528,-11.54665,-0.06701,4.77491,-0.37872,-0.03605,-0.03654,0.92409,
1654694990586506496,-11.56571,-0.05124,4.77633,-0.37784,-0.03604,-0.03664,0.92444,
1654694990636530432,-11.58472,-0.03477,4.77783,-0.37685,-0.03615,-0.03639,0.92485,
1654694990685477888,-11.60302,-0.01895,4.77930,-0.37574,-0.03624,-0.03627,0.92531,
1654694990735495936,-11.62155,-0.00269,4.78075,-0.37504,-0.03624,-0.03627,0.92559,
1654694990786925056,-11.64024,0.01386,4.78216,-0.37392,-0.03632,-0.03607,0.92605,
1654694990836428800,-11.65803,0.02954,4.78344,-0.37292,-0.03625,-0.03633,0.92644,
1654694990885421824,-11.67569,0.04511,4.78476,-0.37213,-0.03630,-0.03623,0.92676,
1654694990935485696,-11.69363,0.06106,4.78616,-0.37078,-0.03634,-0.03611,0.92731,
1654694990985379584,-11.71156,0.07700,4.78763,-0.37008,-0.03639,-0.03619,0.92758,
1654694991035435520,-11.72937,0.09316,4.78923,-0.36918,-0.03655,-0.03580,0.92795,
1654694991085549568,-11.74671,0.10912,4.79085,-0.36819,-0.03665,-0.03559,0.92835,
1654694991135454208,-11.76380,0.12491,4.79237,-0.36775,-0.03674,-0.03549,0.92852,
1654694991186375168,-11.78044,0.14049,4.79388,-0.36669,-0.03687,-0.03535,0.92894,
1654694991236410624,-11.79648,0.15532,4.79530,-0.36592,-0.03678,-0.03546,0.92924,
1654694991285372672,-11.81186,0.16944,4.79671,-0.36504,-0.03672,-0.03554,0.92959,
1654694991336387072,-11.82770,0.18396,4.79820,-0.36400,-0.03674,-0.03554,0.93000,
1654694991385474560,-11.84222,0.19788,4.79961,-0.36350,-0.03677,-0.03564,0.93019,
1654694991436924928,-11.85694,0.21261,4.80107,-0.36308,-0.03677,-0.03552,0.93035,
1654694991487022336,-11.87104,0.22664,4.80245,-0.36236,-0.03676,-0.03549,0.93064,
1654694991536381696,-11.88494,0.24014,4.80375,-0.36196,-0.03676,-0.03571,0.93078,
1654694991585421568,-11.89882,0.25332,4.80511,-0.36106,-0.03679,-0.03572,0.93113,
1654694991636722432,-11.91408,0.26732,4.80662,-0.36024,-0.03677,-0.03593,0.93144,
1654694991736419072,-11.94148,0.29485,4.80981,-0.35906,-0.03695,-0.03558,0.93190,
1654694991785450752,-11.95426,0.30829,4.81136,-0.35874,-0.03686,-0.03576,0.93202,
1654694991836401408,-11.96753,0.32243,4.81290,-0.35834,-0.03698,-0.03536,0.93219,
1654694991886418688,-11.97979,0.33600,4.81417,-0.35750,-0.03691,-0.03558,0.93251,
1654694991936365568,-11.99267,0.34923,4.81537,-0.35698,-0.03670,-0.03621,0.93269,
1654694991986479616,-12.00650,0.36296,4.81672,-0.35593,-0.03672,-0.03613,0.93309,
1654694992035457024,-12.02074,0.37684,4.81819,-0.35494,-0.03668,-0.03643,0.93346,
1654694992085355264,-12.03634,0.39188,4.81980,-0.35461,-0.03684,-0.03614,0.93359,
1654694992135429120,-12.05178,0.40801,4.82146,-0.35393,-0.03692,-0.03587,0.93385,
1654694992185402880,-12.06574,0.42375,4.82304,-0.35357,-0.03690,-0.03577,0.93399,
1654694992236531968,-12.08100,0.43970,4.82463,-0.35288,-0.03689,-0.03571,0.93426,
1654694992286520576,-12.09627,0.45517,4.82625,-0.35147,-0.03692,-0.03579,0.93479,
1654694992336566272,-12.11202,0.47091,4.82787,-0.35066,-0.03702,-0.03573,0.93509,
1654694992386742272,-12.12746,0.48713,4.82953,-0.34954,-0.03702,-0.03567,0.93551,
1654694992435404288,-12.14258,0.50356,4.83111,-0.34883,-0.03709,-0.03542,0.93578,
1654694992486420992,-12.15824,0.52088,4.83282,-0.34838,-0.03712,-0.03525,0.93595,
1654694992535466752,-12.17387,0.53747,4.83451,-0.34742,-0.03727,-0.03496,0.93632,
1654694992586624000,-12.19015,0.55455,4.83629,-0.34654,-0.03738,-0.03480,0.93664,
1654694992636438016,-12.20583,0.57084,4.83796,-0.34554,-0.03739,-0.03476,0.93702,
1654694992686480384,-12.22092,0.58701,4.83949,-0.34430,-0.03741,-0.03471,0.93747,
1654694992735465472,-12.23564,0.60302,4.84088,-0.34364,-0.03738,-0.03496,0.93771,
1654694992786888960,-12.25028,0.61993,4.84231,-0.34289,-0.03746,-0.03485,0.93798,
1654694992835495424,-12.26439,0.63597,4.84380,-0.34199,-0.03740,-0.03497,0.93831,
1654694992885381120,-12.27946,0.65254,4.84546,-0.34141,-0.03748,-0.03473,0.93853,
1654694992935464704,-12.29438,0.66894,4.84716,-0.34011,-0.03768,-0.03447,0.93900,
1654694992985449216,-12.30944,0.68511,4.84879,-0.33937,-0.03770,-0.03467,0.93926,
1654694993036506880,-12.32447,0.70204,4.85044,-0.33871,-0.03776,-0.03439,0.93950,
1654694993086736896,-12.33837,0.71858,4.85203,-0.33764,-0.03777,-0.03429,0.93989,
1654694993136403200,-12.35207,0.73463,4.85353,-0.33725,-0.03774,-0.03452,0.94003,
1654694993186577152,-12.36619,0.75081,4.85510,-0.33611,-0.03780,-0.03437,0.94044,
1654694993236477440,-12.38035,0.76688,4.85673,-0.33506,-0.03780,-0.03445,0.94081,
1654694993286495744,-12.39454,0.78310,4.85842,-0.33435,-0.03786,-0.03442,0.94106,
1654694993335487488,-12.40832,0.79945,4.86010,-0.33356,-0.03798,-0.03414,0.94134,
1654694993386676992,-12.42246,0.81648,4.86182,-0.33300,-0.03805,-0.03402,0.94155,
1654694993436439808,-12.43592,0.83272,4.86346,-0.33252,-0.03802,-0.03401,0.94172,
1654694993486391808,-12.44896,0.84881,4.86512,-0.33127,-0.03805,-0.03401,0.94215,
1654694993536404736,-12.46197,0.86451,4.86680,-0.33052,-0.03800,-0.03419,0.94242,
1654694993585588480,-12.47499,0.87990,4.86848,-0.32954,-0.03808,-0.03412,0.94276,
1654694993636448256,-12.48831,0.89634,4.87017,-0.32862,-0.03814,-0.03405,0.94308,
1654694993686476032,-12.50089,0.91249,4.87184,-0.32834,-0.03814,-0.03410,0.94317,
1654694993735553536,-12.51377,0.92857,4.87345,-0.32748,-0.03824,-0.03378,0.94348,
1654694993786486016,-12.52706,0.94503,4.87514,-0.32685,-0.03831,-0.03389,0.94369,
1654694993836473344,-12.54024,0.96097,4.87684,-0.32617,-0.03839,-0.03375,0.94393,
1654694993886415360,-12.55243,0.97672,4.87852,-0.32500,-0.03837,-0.03373,0.94433,
1654694993935358208,-12.56459,0.99191,4.88010,-0.32443,-0.03830,-0.03396,0.94452,
1654694993986483456,-12.57735,1.00796,4.88178,-0.32357,-0.03837,-0.03383,0.94482,
1654694994036422144,-12.58937,1.02389,4.88349,-0.32283,-0.03836,-0.03384,0.94507,
1654694994085438720,-12.60143,1.03963,4.88523,-0.32238,-0.03837,-0.03373,0.94523,
1654694994136395264,-12.61373,1.05615,4.88707,-0.32150,-0.03852,-0.03340,0.94553,
1654694994186425600,-12.62588,1.07186,4.88876,-0.32075,-0.03854,-0.03352,0.94579,
1654694994236556544,-12.63780,1.08766,4.89033,-0.32028,-0.03855,-0.03355,0.94594,
1654694994285407744,-12.64994,1.10286,4.89174,-0.31933,-0.03851,-0.03369,0.94626,
1654694994335404800,-12.66237,1.11861,4.89330,-0.31870,-0.03843,-0.03411,0.94646,
1654694994386603520,-12.67554,1.13502,4.89515,-0.31784,-0.03854,-0.03389,0.94676,
1654694994436478976,-12.68803,1.15122,4.89708,-0.31682,-0.03858,-0.03387,0.94710,
1654694994486795776,-12.70004,1.16797,4.89899,-0.31647,-0.03869,-0.03369,0.94722,
1654694994535484160,-12.71131,1.18405,4.90078,-0.31565,-0.03871,-0.03357,0.94749,
1654694994585462528,-12.72310,1.20063,4.90252,-0.31505,-0.03867,-0.03361,0.94769,
1654694994636614912,-12.73563,1.21739,4.90433,-0.31432,-0.03870,-0.03365,0.94793,
1654694994686942208,-12.74943,1.23416,4.90619,-0.31302,-0.03880,-0.03353,0.94836,
1654694994736620544,-12.76275,1.25104,4.90809,-0.31235,-0.03887,-0.03350,0.94858,
1654694994786400768,-12.77487,1.26803,4.91004,-0.31147,-0.03890,-0.03341,0.94887,
1654694994835472640,-12.78725,1.28470,4.91195,-0.31086,-0.03897,-0.03319,0.94908,
1654694994886545408,-12.80000,1.30234,4.91388,-0.31035,-0.03897,-0.03324,0.94924,
1654694994936386560,-12.81179,1.31922,4.91574,-0.30941,-0.03902,-0.03299,0.94955,
1654694994986478848,-12.82409,1.33572,4.91756,-0.30838,-0.03902,-0.03312,0.94989,
1654694995036480000,-12.83669,1.35208,4.91930,-0.30764,-0.03906,-0.03318,0.95012,
1654694995086813184,-12.84913,1.36873,4.92099,-0.30647,-0.03909,-0.03314,0.95050,
1654694995136999424,-12.86170,1.38572,4.92269,-0.30608,-0.03902,-0.03340,0.95062,
1654694995186546432,-12.87437,1.40286,4.92451,-0.30541,-0.03917,-0.03303,0.95084,
1654694995235431936,-12.88771,1.41975,4.92644,-0.30457,-0.03922,-0.03293,0.95111,
1654694995286472192,-12.90227,1.43732,4.92850,-0.30398,-0.03931,-0.03283,0.95130,
1654694995336441856,-12.91535,1.45462,4.93048,-0.30287,-0.03947,-0.03251,0.95166,
1654694995385446144,-12.92868,1.47097,4.93229,-0.30213,-0.03944,-0.03281,0.95189,
1654694995436596992,-12.94354,1.48845,4.93423,-0.30157,-0.03950,-0.03247,0.95207,
1654694995486418944,-12.95858,1.50546,4.93611,-0.30067,-0.03963,-0.03221,0.95236,
1654694995536515840,-12.97625,1.52236,4.93784,-0.30032,-0.03976,-0.03219,0.95246,
1654694995585411584,-12.99494,1.53982,4.93955,-0.29975,-0.03993,-0.03186,0.95265,
1654694995635397376,-13.01444,1.55723,4.94123,-0.29897,-0.03990,-0.03191,0.95289,
1654694995685505792,-13.03535,1.57444,4.94287,-0.29870,-0.04001,-0.03196,0.95297,
1654694995735497216,-13.05712,1.59097,4.94444,-0.29797,-0.04016,-0.03187,0.95320,
1654694995785368320,-13.08123,1.60631,4.94588,-0.29754,-0.04028,-0.03186,0.95333,
1654694995835453696,-13.10664,1.62112,4.94737,-0.29737,-0.04043,-0.03176,0.95338,
1654694995885421056,-13.12998,1.63629,4.94896,-0.29690,-0.04067,-0.03136,0.95353,
1654694995935368192,-13.15220,1.65084,4.95053,-0.29699,-0.04076,-0.03139,0.95349,
1654694995985398528,-13.17374,1.66406,4.95205,-0.29702,-0.04093,-0.03111,0.95349,
1654694996035443200,-13.19462,1.67608,4.95345,-0.29686,-0.04100,-0.03104,0.95354,
1654694996085397760,-13.21428,1.68713,4.95477,-0.29709,-0.04103,-0.03128,0.95346,
1654694996135381504,-13.23261,1.69696,4.95602,-0.29699,-0.04099,-0.03142,0.95348,
1654694996186638592,-13.24994,1.70685,4.95729,-0.29708,-0.04091,-0.03175,0.95345,
1654694996236621568,-13.26610,1.71591,4.95853,-0.29763,-0.04083,-0.03205,0.95327,
1654694996285543168,-13.28140,1.72417,4.95978,-0.29780,-0.04078,-0.03213,0.95322,
1654694996336915200,-13.29716,1.73230,4.96100,-0.29844,-0.04068,-0.03250,0.95301,
1654694996386570240,-13.31161,1.74036,4.96227,-0.29885,-0.04061,-0.03277,0.95287,
1654694996436365568,-13.32646,1.74825,4.96354,-0.29907,-0.04051,-0.03300,0.95280,
1654694996486400512,-13.34120,1.75658,4.96496,-0.29954,-0.04037,-0.03348,0.95264,
1654694996536367872,-13.35663,1.76520,4.96677,-0.29974,-0.04039,-0.03336,0.95258,
1654694996586631936,-13.37266,1.77466,4.96882,-0.29988,-0.04050,-0.03295,0.95255,
1654694996636434432,-13.38743,1.78487,4.97048,-0.30073,-0.04047,-0.03291,0.95228,
1654694996687011840,-13.40185,1.79444,4.97183,-0.30117,-0.04022,-0.03343,0.95214,
1654694996736345856,-13.41679,1.80423,4.97327,-0.30121,-0.03983,-0.03393,0.95212,
1654694996786968320,-13.43361,1.81542,4.97523,-0.30097,-0.03982,-0.03399,0.95219,
1654694996836408064,-13.45130,1.82616,4.97758,-0.30034,-0.03982,-0.03412,0.95239,
1654694996886597120,-13.46953,1.83914,4.98017,-0.30069,-0.03994,-0.03380,0.95229,
1654694996935516672,-13.48577,1.85262,4.98277,-0.30078,-0.03985,-0.03338,0.95228,
1654694996985426688,-13.50232,1.86746,4.98478,-0.30061,-0.03962,-0.03338,0.95234,
1654694997036594944,-13.51873,1.88373,4.98607,-0.30054,-0.03999,-0.03263,0.95237,
1654694997085418496,-13.53300,1.89767,4.98708,-0.30053,-0.03950,-0.03359,0.95236,
1654694997136363520,-13.54820,1.91334,4.98847,-0.30103,-0.03907,-0.03405,0.95220,
1654694997185471488,-13.56555,1.93011,4.99014,-0.29952,-0.03958,-0.03263,0.95271,
1654694997235473408,-13.58442,1.94576,4.99120,-0.29926,-0.03999,-0.03196,0.95280,
1654694997285475328,-13.59915,1.95996,4.99149,-0.29912,-0.03974,-0.03296,0.95282,
1654694997335410176,-13.61244,1.97616,4.99126,-0.29946,-0.03955,-0.03274,0.95273,
1654694997385372160,-13.62660,1.99051,4.99082,-0.29915,-0.03930,-0.03288,0.95283,
1654694997436393984,-13.64085,2.00559,4.99035,-0.29913,-0.03958,-0.03322,0.95281,
1654694997486513408,-13.65761,2.01926,4.99033,-0.29819,-0.03980,-0.03339,0.95309,
1654694997535414016,-13.67443,2.03350,4.99034,-0.29733,-0.04007,-0.03237,0.95338,
1654694997586563584,-13.68858,2.04866,4.99004,-0.29722,-0.03993,-0.03288,0.95341,
1654694997636385536,-13.70317,2.06181,4.98930,-0.29796,-0.04004,-0.03273,0.95318,
1654694997686441728,-13.71659,2.07513,4.98858,-0.29828,-0.04022,-0.03264,0.95307,
1654694997735399168,-13.72856,2.08511,4.98793,-0.29794,-0.04008,-0.03302,0.95317,
1654694997785398272,-13.74163,2.09476,4.98766,-0.29743,-0.04011,-0.03303,0.95333,
1654694997836797696,-13.75530,2.10634,4.98771,-0.29661,-0.04005,-0.03357,0.95357,
1654694997886432000,-13.76685,2.11759,4.98761,-0.29705,-0.04022,-0.03306,0.95344,
1654694997935399680,-13.77658,2.12807,4.98746,-0.29738,-0.03999,-0.03333,0.95334,
1654694997985409536,-13.78564,2.13960,4.98723,-0.29818,-0.03989,-0.03306,0.95310,
1654694998035408128,-13.79649,2.14655,4.98677,-0.29838,-0.03989,-0.03310,0.95304,
1654694998085514752,-13.80702,2.15418,4.98649,-0.29814,-0.03997,-0.03337,0.95310,
1654694998135382528,-13.81759,2.16280,4.98610,-0.29823,-0.04004,-0.03311,0.95308,
1654694998185385728,-13.82668,2.17237,4.98559,-0.29800,-0.03985,-0.03329,0.95315,
1654694998235417344,-13.83544,2.18192,4.98463,-0.29856,-0.03973,-0.03348,0.95298,
1654694998285513472,-13.84393,2.19192,4.98361,-0.29879,-0.03978,-0.03355,0.95290,
1654694998335406080,-13.85262,2.20248,4.98265,-0.29916,-0.03972,-0.03353,0.95279,
1654694998385402880,-13.86248,2.21267,4.98177,-0.29926,-0.03978,-0.03320,0.95276,
1654694998435437568,-13.87275,2.22324,4.98086,-0.29908,-0.03988,-0.03284,0.95283,
1654694998485382912,-13.88276,2.23308,4.97964,-0.29932,-0.03993,-0.03298,0.95275,
1654694998536579584,-13.89117,2.24406,4.97819,-0.29942,-0.03988,-0.03311,0.95271,
1654694998585406208,-13.89886,2.25434,4.97680,-0.29961,-0.03968,-0.03343,0.95265,
1654694998635657472,-13.90740,2.26459,4.97556,-0.29967,-0.03958,-0.03346,0.95263,
1654694998686466048,-13.91683,2.27542,4.97464,-0.29940,-0.03955,-0.03341,0.95272,
1654694998736659456,-13.92851,2.28492,4.97387,-0.29950,-0.03955,-0.03342,0.95269,
1654694998835415040,-13.94459,2.30899,4.97259,-0.29975,-0.03932,-0.03330,0.95263,
1654694998885404416,-13.95147,2.32080,4.97196,-0.29990,-0.03924,-0.03306,0.95259,
1654694998935401472,-13.95809,2.33276,4.97145,-0.30001,-0.03912,-0.03298,0.95256,
1654694998985391104,-13.96462,2.34471,4.97100,-0.29988,-0.03905,-0.03284,0.95261,
1654694999035410432,-13.97207,2.35559,4.97039,-0.29939,-0.03894,-0.03277,0.95277,
1654694999086560512,-13.97962,2.36735,4.96961,-0.29949,-0.03879,-0.03293,0.95274,
1654694999136432640,-13.98870,2.37831,4.96872,-0.29945,-0.03878,-0.03269,0.95276,
1654694999185466880,-13.99855,2.38958,4.96773,-0.29956,-0.03874,-0.03260,0.95273,
1654694999235492352,-14.01042,2.40094,4.96662,-0.29956,-0.03874,-0.03239,0.95274,
1654694999286357248,-14.01862,2.41489,4.96532,-0.29921,-0.03876,-0.03219,0.95286,
1654694999335414528,-14.02721,2.42687,4.96381,-0.29925,-0.03860,-0.03255,0.95284,
1654694999385474816,-14.03581,2.43937,4.96219,-0.29890,-0.03860,-0.03233,0.95295,
1654694999435607040,-14.04410,2.45184,4.96051,-0.29881,-0.03847,-0.03263,0.95298,
1654694999486446336,-14.05282,2.46401,4.95888,-0.29864,-0.03837,-0.03271,0.95303,
1654694999535347200,-14.06086,2.47628,4.95745,-0.29837,-0.03835,-0.03264,0.95312,
1654694999585457920,-14.07081,2.48781,4.95613,-0.29814,-0.03834,-0.03269,0.95319,
1654694999636427776,-14.07977,2.50030,4.95484,-0.29803,-0.03844,-0.03221,0.95324,
1654694999686966784,-14.08837,2.51180,4.95348,-0.29802,-0.03825,-0.03257,0.95324,
1654694999735498496,-14.09626,2.52262,4.95212,-0.29808,-0.03825,-0.03233,0.95322,
1654694999786357504,-14.10388,2.53218,4.95073,-0.29783,-0.03806,-0.03260,0.95330,
1654694999836379136,-14.11120,2.54077,4.94952,-0.29782,-0.03794,-0.03278,0.95331,
1654694999885399808,-14.11843,2.54729,4.94833,-0.29749,-0.03809,-0.03233,0.95342,
1654694999935398912,-14.12508,2.55167,4.94695,-0.29771,-0.03803,-0.03261,0.95334,
1654694999986393088,-14.13044,2.55484,4.94539,-0.29813,-0.03806,-0.03235,0.95322,
1654695000036421888,-14.13374,2.55435,4.94356,-0.29837,-0.03803,-0.03237,0.95314,
1654695000086661888,-14.13514,2.55291,4.94171,-0.29873,-0.03799,-0.03253,0.95303,
1654695000136358400,-14.13566,2.55081,4.93990,-0.29850,-0.03804,-0.03260,0.95309,
1654695000186336000,-14.13659,2.55056,4.93808,-0.29853,-0.03798,-0.03290,0.95308,
1654695000235596288,-14.13801,2.55245,4.93625,-0.29859,-0.03789,-0.03294,0.95306,
1654695000286386688,-14.13944,2.55521,4.93429,-0.29880,-0.03776,-0.03308,0.95300,
1654695000335447808,-14.14274,2.56168,4.93262,-0.29926,-0.03767,-0.03311,0.95285,
1654695000386405888,-14.14559,2.56661,4.93083,-0.29926,-0.03767,-0.03294,0.95286,
1654695000435461632,-14.14829,2.57013,4.92910,-0.29929,-0.03757,-0.03306,0.95285,
1654695000485376512,-14.15160,2.57379,4.92735,-0.29924,-0.03754,-0.03292,0.95287,
1654695000535416064,-14.15532,2.57773,4.92549,-0.29918,-0.03747,-0.03303,0.95289,
1654695000586394112,-14.15858,2.58180,4.92346,-0.29942,-0.03735,-0.03322,0.95281,
1654695000637696256,-14.16178,2.58622,4.92145,-0.29956,-0.03727,-0.03324,0.95277,
1654695000687317248,-14.16497,2.59060,4.91965,-0.29945,-0.03707,-0.03348,0.95280,
1654695000735579648,-14.16828,2.59460,4.91812,-0.29959,-0.03697,-0.03352,0.95276,
1654695000785399808,-14.17360,2.59942,4.91674,-0.29924,-0.03691,-0.03342,0.95288,
1654695000835594752,-14.17865,2.60445,4.91543,-0.29938,-0.03680,-0.03353,0.95284,
1654695000886422272,-14.18265,2.60954,4.91408,-0.29942,-0.03673,-0.03322,0.95284,
1654695000936378112,-14.18581,2.61461,4.91264,-0.29947,-0.03658,-0.03320,0.95283,
1654695000985457920,-14.18917,2.61929,4.91118,-0.29981,-0.03649,-0.03325,0.95272,
1654695001035726080,-14.19248,2.62390,4.90972,-0.29971,-0.03641,-0.03323,0.95275,
1654695001085357568,-14.19599,2.62857,4.90825,-0.29949,-0.03631,-0.03322,0.95283,
1654695001136352256,-14.19991,2.63314,4.90668,-0.29936,-0.03630,-0.03315,0.95287,
1654695001186387200,-14.20325,2.63802,4.90489,-0.29908,-0.03623,-0.03318,0.95296,
1654695001236799488,-14.20611,2.64264,4.90290,-0.29935,-0.03615,-0.03333,0.95287,
1654695001285489920,-14.20886,2.64710,4.90093,-0.29941,-0.03603,-0.03334,0.95286,
1654695001335470336,-14.21159,2.65167,4.89890,-0.29937,-0.03591,-0.03339,0.95288,
1654695001386380544,-14.21415,2.65590,4.89689,-0.29927,-0.03591,-0.03347,0.95291,
1654695001436339456,-14.21829,2.66081,4.89491,-0.29881,-0.03591,-0.03341,0.95305,
1654695001486396416,-14.21655,2.66422,4.89265,-0.29857,-0.03571,-0.03381,0.95312,
1654695001535476224,-14.21849,2.66842,4.89045,-0.29866,-0.03559,-0.03385,0.95310,
1654695001585474560,-14.22062,2.67335,4.88817,-0.29843,-0.03532,-0.03426,0.95316,
1654695001635400704,-14.22470,2.67952,4.88608,-0.29853,-0.03508,-0.03463,0.95312,
1654695001686385664,-14.22887,2.68456,4.88412,-0.29801,-0.03501,-0.03451,0.95330,
1654695001735498752,-14.23733,2.69008,4.88239,-0.29755,-0.03484,-0.03488,0.95343,
1654695001785463808,-14.23796,2.69365,4.88047,-0.29748,-0.03467,-0.03497,0.95346,
1654695001836472064,-14.23886,2.69820,4.87849,-0.29726,-0.03444,-0.03512,0.95353,
1654695001886366208,-14.23972,2.70279,4.87641,-0.29736,-0.03427,-0.03526,0.95350,
1654695001936525824,-14.24534,2.70861,4.87431,-0.29737,-0.03414,-0.03520,0.95350,
1654695001986386176,-14.24944,2.71420,4.87203,-0.29709,-0.03385,-0.03567,0.95358,
1654695002036361216,-14.25215,2.71859,4.86967,-0.29706,-0.03368,-0.03593,0.95359,
1654695002085427456,-14.25471,2.72216,4.86734,-0.29661,-0.03351,-0.03629,0.95372,
1654695002136452864,-14.25726,2.72594,4.86484,-0.29634,-0.03325,-0.03677,0.95379,
1654695002186479872,-14.25992,2.73024,4.86242,-0.29645,-0.03307,-0.03704,0.95376,
1654695002236829440,-14.26440,2.73604,4.86012,-0.29645,-0.03285,-0.03738,0.95375,
1654695002285525248,-14.26884,2.74199,4.85809,-0.29665,-0.03277,-0.03737,0.95369,
1654695002335425024,-14.27361,2.74742,4.85613,-0.29662,-0.03268,-0.03737,0.95370,
1654695002385404672,-14.27723,2.75333,4.85410,-0.29636,-0.03261,-0.03745,0.95379,
1654695002435387648,-14.28181,2.76031,4.85204,-0.29653,-0.03251,-0.03763,0.95373,
1654695002485473280,-14.28640,2.76919,4.85009,-0.29662,-0.03236,-0.03771,0.95370,
1654695002536366848,-14.29141,2.77966,4.84836,-0.29674,-0.03230,-0.03749,0.95367,
1654695002586355712,-14.29487,2.78903,4.84682,-0.29696,-0.03226,-0.03739,0.95361,
1654695002636616192,-14.29746,2.79934,4.84545,-0.29691,-0.03228,-0.03710,0.95364,
1654695002685412352,-14.30027,2.80734,4.84412,-0.29698,-0.03225,-0.03692,0.95363,
1654695002736404224,-14.30303,2.81502,4.84265,-0.29726,-0.03222,-0.03673,0.95354,
1654695002786523136,-14.30563,2.82249,4.84110,-0.29723,-0.03219,-0.03648,0.95356,
1654695002836413952,-14.30900,2.82983,4.83955,-0.29774,-0.03218,-0.03636,0.95341,
1654695002886387456,-14.30995,2.83744,4.83790,-0.29767,-0.03220,-0.03602,0.95344,
1654695002936406016,-14.30911,2.84524,4.83618,-0.29767,-0.03219,-0.03595,0.95345,
1654695002986448128,-14.31039,2.85232,4.83446,-0.29777,-0.03221,-0.03576,0.95342,
1654695003035382784,-14.31237,2.85936,4.83269,-0.29769,-0.03222,-0.03557,0.95345,
1654695003085521408,-14.31590,2.86615,4.83073,-0.29780,-0.03215,-0.03563,0.95342,
1654695003136345088,-14.31930,2.87287,4.82864,-0.29784,-0.03225,-0.03539,0.95342,
1654695003186521344,-14.32332,2.87856,4.82648,-0.29760,-0.03214,-0.03555,0.95349,
1654695003236584704,-14.32558,2.88449,4.82426,-0.29764,-0.03213,-0.03559,0.95347,
1654695003286411008,-14.32501,2.89077,4.82208,-0.29743,-0.03209,-0.03552,0.95354,
1654695003336398848,-14.32273,2.89694,4.81978,-0.29729,-0.03199,-0.03561,0.95359,
1654695003385500416,-14.32245,2.90240,4.81755,-0.29742,-0.03189,-0.03569,0.95355,
1654695003435508480,-14.32441,2.90859,4.81531,-0.29723,-0.03183,-0.03572,0.95361,
1654695003485366016,-14.32424,2.91416,4.81312,-0.29720,-0.03165,-0.03594,0.95361,
1654695003535407616,-14.33292,2.91845,4.81128,-0.29706,-0.03161,-0.03593,0.95366,
1654695003586530816,-14.33773,2.92497,4.80921,-0.29666,-0.03156,-0.03589,0.95379,
1654695003635476224,-14.33841,2.92923,4.80719,-0.29675,-0.03139,-0.03621,0.95375,
1654695003685441792,-14.33938,2.93370,4.80516,-0.29665,-0.03123,-0.03621,0.95379,
1654695003735514880,-14.33939,2.93773,4.80320,-0.29657,-0.03095,-0.03653,0.95381,
1654695003785430784,-14.33797,2.93909,4.80130,-0.29659,-0.03089,-0.03649,0.95381,
1654695003835426048,-14.33827,2.94116,4.79945,-0.29631,-0.03086,-0.03657,0.95389,
1654695003886390016,-14.33851,2.94344,4.79751,-0.29663,-0.03080,-0.03654,0.95379,
1654695003936472576,-14.33885,2.94677,4.79552,-0.29697,-0.03074,-0.03636,0.95370,
1654695003986456832,-14.34170,2.94956,4.79345,-0.29704,-0.03066,-0.03644,0.95368,
1654695004036363520,-14.34386,2.95400,4.79132,-0.29722,-0.03069,-0.03641,0.95362,
1654695004086348288,-14.34440,2.95888,4.78909,-0.29713,-0.03063,-0.03645,0.95365,
1654695004136727040,-14.34432,2.96348,4.78675,-0.29706,-0.03053,-0.03663,0.95367,
1654695004186363136,-14.34382,2.96768,4.78444,-0.29730,-0.03042,-0.03672,0.95359,
1654695004236457216,-14.34461,2.97113,4.78223,-0.29721,-0.03034,-0.03677,0.95362,
1654695004286373632,-14.34526,2.97492,4.78022,-0.29728,-0.03028,-0.03683,0.95360,
1654695004335378432,-14.34877,2.97660,4.77843,-0.29739,-0.03024,-0.03685,0.95357,
1654695004386426880,-14.35217,2.97884,4.77664,-0.29703,-0.03018,-0.03675,0.95368,
1654695004435463680,-14.35484,2.98168,4.77495,-0.29724,-0.03016,-0.03680,0.95362,
1654695004485501696,-14.35710,2.98481,4.77326,-0.29719,-0.03017,-0.03655,0.95364,
1654695004535365376,-14.35883,2.98831,4.77160,-0.29729,-0.03005,-0.03658,0.95361,
1654695004585350656,-14.36082,2.99158,4.76996,-0.29752,-0.03002,-0.03636,0.95355,
1654695004635449344,-14.36326,2.99442,4.76834,-0.29736,-0.03001,-0.03621,0.95361,
1654695004685454336,-14.36626,2.99674,4.76670,-0.29742,-0.03000,-0.03620,0.95359,
1654695004735438848,-14.36933,2.99843,4.76506,-0.29744,-0.02999,-0.03608,0.95359,
1654695004786380544,-14.37261,2.99934,4.76340,-0.29736,-0.02984,-0.03614,0.95362,
1654695004836418560,-14.37628,3.00003,4.76174,-0.29750,-0.02973,-0.03624,0.95357,
1654695004886432512,-14.38009,3.00010,4.76023,-0.29732,-0.02976,-0.03609,0.95363,
1654695004936414720,-14.38413,3.00024,4.75878,-0.29716,-0.02968,-0.03612,0.95368,
1654695004986431488,-14.38799,3.00000,4.75740,-0.29727,-0.02964,-0.03615,0.95365,
1654695005035575040,-14.39164,3.00068,4.75604,-0.29713,-0.02975,-0.03579,0.95370,
1654695005085363968,-14.39416,3.00237,4.75449,-0.29731,-0.02984,-0.03569,0.95365,
1654695005135358976,-14.39560,3.00436,4.75289,-0.29749,-0.02984,-0.03541,0.95360,
1654695005185397504,-14.39621,3.00680,4.75123,-0.29740,-0.02983,-0.03524,0.95364,
1654695005236359936,-14.39582,3.00927,4.74957,-0.29759,-0.02976,-0.03523,0.95358,
1654695005285396480,-14.39217,3.01245,4.74808,-0.29737,-0.02964,-0.03502,0.95366,
1654695005335464448,-14.38839,3.01514,4.74678,-0.29734,-0.02946,-0.03504,0.95367,
1654695005385436416,-14.38204,3.01718,4.74588,-0.29749,-0.02920,-0.03503,0.95364,
1654695005436377344,-14.37762,3.01723,4.74536,-0.29746,-0.02893,-0.03498,0.95365,
1654695005485417728,-14.37476,3.01843,4.74432,-0.29761,-0.02876,-0.03491,0.95362,
1654695005536405504,-14.37213,3.01918,4.74318,-0.29766,-0.02871,-0.03480,0.95360,
1654695005585421568,-14.37012,3.01963,4.74191,-0.29756,-0.02856,-0.03482,0.95364,
1654695005635519488,-14.36808,3.02030,4.74027,-0.29774,-0.02842,-0.03500,0.95358,
1654695005685381376,-14.36634,3.02056,4.73858,-0.29761,-0.02836,-0.03500,0.95362,
1654695005735498496,-14.36496,3.02122,4.73689,-0.29759,-0.02830,-0.03516,0.95363,
1654695005785405696,-14.36368,3.02196,4.73533,-0.29754,-0.02836,-0.03496,0.95365,
1654695005836848896,-14.36191,3.02280,4.73362,-0.29745,-0.02840,-0.03479,0.95368,
1654695005886464512,-14.35957,3.02303,4.73215,-0.29773,-0.02829,-0.03508,0.95359,
1654695005936431104,-14.35739,3.02326,4.73086,-0.29800,-0.02824,-0.03495,0.95351,
1654695005986484992,-14.35557,3.02358,4.72974,-0.29777,-0.02818,-0.03480,0.95359,
1654695006036470528,-14.35389,3.02370,4.72855,-0.29781,-0.02814,-0.03487,0.95357,
1654695006085393152,-14.35188,3.02403,4.72724,-0.29757,-0.02816,-0.03475,0.95365,
1654695006135379200,-14.34959,3.02471,4.72577,-0.29763,-0.02799,-0.03483,0.95363,
1654695006185364224,-14.34720,3.02542,4.72424,-0.29787,-0.02791,-0.03485,0.95356,
1654695006235399168,-14.34529,3.02607,4.72262,-0.29779,-0.02794,-0.03468,0.95359,
1654695006285456384,-14.34339,3.02648,4.72085,-0.29780,-0.02791,-0.03482,0.95359,
1654695006335426560,-14.34138,3.02680,4.71885,-0.29762,-0.02792,-0.03477,0.95364,
1654695006386441472,-14.33913,3.02675,4.71664,-0.29747,-0.02788,-0.03494,0.95368,
1654695006436426240,-14.33697,3.02640,4.71435,-0.29758,-0.02777,-0.03537,0.95364,
1654695006486353920,-14.33511,3.02616,4.71219,-0.29749,-0.02784,-0.03517,0.95367,
1654695006535419904,-14.33364,3.02598,4.71019,-0.29742,-0.02782,-0.03536,0.95369,
1654695006586367488,-14.33173,3.02549,4.70849,-0.29755,-0.02794,-0.03521,0.95365,
1654695006636944384,-14.32964,3.02554,4.70667,-0.29750,-0.02793,-0.03510,0.95367,
1654695006686385408,-14.32743,3.02673,4.70450,-0.29767,-0.02792,-0.03525,0.95361,
1654695006736396032,-14.32487,3.02753,4.70272,-0.29775,-0.02793,-0.03507,0.95359,
1654695006786547712,-14.32283,3.02794,4.70114,-0.29759,-0.02787,-0.03505,0.95364,
1654695006836348672,-14.32089,3.02840,4.69979,-0.29768,-0.02787,-0.03497,0.95362,
1654695006886863104,-14.31885,3.02922,4.69840,-0.29762,-0.02798,-0.03457,0.95365,
1654695006936434432,-14.31714,3.03010,4.69694,-0.29772,-0.02798,-0.03450,0.95362,
1654695006986380288,-14.31556,3.03061,4.69555,-0.29805,-0.02803,-0.03429,0.95352,
1654695007035510272,-14.31394,3.03120,4.69418,-0.29801,-0.02806,-0.03391,0.95355,
1654695007085487360,-14.31266,3.03115,4.69270,-0.29806,-0.02813,-0.03388,0.95353,
1654695007135470080,-14.31143,3.03078,4.69116,-0.29811,-0.02818,-0.03372,0.95352,
1654695007186857984,-14.31073,3.03005,4.68958,-0.29798,-0.02818,-0.03369,0.95356,
1654695007236423680,-14.31092,3.02926,4.68804,-0.29814,-0.02823,-0.03377,0.95351,
1654695007286424064,-14.31272,3.02807,4.68657,-0.29797,-0.02846,-0.03354,0.95356,
1654695007336432640,-14.31961,3.02553,4.68567,-0.29793,-0.02879,-0.03368,0.95356,
1654695007386387456,-14.31913,3.02689,4.68397,-0.29795,-0.02887,-0.03367,0.95355,
1654695007436553728,-14.31739,3.02880,4.68210,-0.29798,-0.02887,-0.03356,0.95355,
1654695007486372096,-14.31587,3.02968,4.68055,-0.29806,-0.02884,-0.03365,0.95352,
1654695007536507648,-14.31497,3.02952,4.67920,-0.29816,-0.02889,-0.03333,0.95350,
1654695007586722560,-14.31383,3.02925,4.67784,-0.29809,-0.02882,-0.03329,0.95352,
1654695007636364544,-14.31230,3.02947,4.67641,-0.29833,-0.02872,-0.03339,0.95345,
1654695007685479680,-14.31111,3.02905,4.67501,-0.29826,-0.02871,-0.03315,0.95348,
1654695007736891904,-14.30973,3.02905,4.67362,-0.29827,-0.02854,-0.03327,0.95347,
1654695007836418560,-14.30776,3.02817,4.67121,-0.29830,-0.02849,-0.03306,0.95347,
1654695007885478912,-14.30703,3.02682,4.67014,-0.29835,-0.02843,-0.03303,0.95346,
1654695007935468288,-14.30663,3.02445,4.66885,-0.29846,-0.02837,-0.03304,0.95343,
1654695007985360384,-14.30560,3.02299,4.66751,-0.29831,-0.02829,-0.03306,0.95348,
1654695008035482368,-14.30537,3.02066,4.66586,-0.29832,-0.02821,-0.03328,0.95347,
1654695008086414592,-14.30510,3.01871,4.66402,-0.29826,-0.02823,-0.03319,0.95349,
1654695008135407872,-14.30459,3.01745,4.66199,-0.29809,-0.02817,-0.03348,0.95353,
1654695008185390848,-14.30230,3.01862,4.66036,-0.29816,-0.02813,-0.03352,0.95351,
1654695008235592448,-14.30170,3.01717,4.65887,-0.29793,-0.02803,-0.03335,0.95359,
1654695008285377280,-14.30016,3.01703,4.65770,-0.29799,-0.02788,-0.03351,0.95357,
1654695008335398656,-14.29963,3.01554,4.65661,-0.29803,-0.02794,-0.03334,0.95356,
1654695008385382656,-14.29817,3.01535,4.65552,-0.29785,-0.02793,-0.03318,0.95363,
1654695008436436224,-14.29675,3.01430,4.65431,-0.29802,-0.02780,-0.03332,0.95357,
1654695008486427904,-14.29535,3.01285,4.65300,-0.29807,-0.02776,-0.03321,0.95356,
1654695008536423424,-14.29400,3.01170,4.65169,-0.29798,-0.02770,-0.03322,0.95359,
1654695008586391040,-14.29287,3.01015,4.65041,-0.29812,-0.02771,-0.03322,0.95355,
1654695008635442688,-14.29184,3.00848,4.64911,-0.29805,-0.02775,-0.03306,0.95357,
1654695008685487360,-14.29055,3.00674,4.64765,-0.29802,-0.02771,-0.03321,0.95358,
1654695008736431104,-14.28921,3.00497,4.64609,-0.29819,-0.02767,-0.03322,0.95353,
1654695008785491712,-14.28806,3.00323,4.64469,-0.29809,-0.02759,-0.03313,0.95356,
1654695008836359424,-14.28722,3.00139,4.64322,-0.29812,-0.02756,-0.03323,0.95355,
1654695008886408448,-14.28612,2.99964,4.64175,-0.29807,-0.02763,-0.03302,0.95357,
1654695008935438336,-14.28476,2.99777,4.64029,-0.29798,-0.02753,-0.03324,0.95360,
1654695008986502400,-14.28333,2.99575,4.63879,-0.29821,-0.02739,-0.03348,0.95352,
1654695009035745792,-14.28230,2.99389,4.63747,-0.29808,-0.02742,-0.03318,0.95357,
1654695009085487872,-14.28139,2.99162,4.63624,-0.29800,-0.02737,-0.03339,0.95359,
1654695009135542272,-14.27985,2.99025,4.63508,-0.29816,-0.02729,-0.03336,0.95354,
1654695009185430784,-14.27852,2.98852,4.63410,-0.29809,-0.02720,-0.03323,0.95357,
1654695009236359168,-14.27789,2.98576,4.63337,-0.29831,-0.02704,-0.03357,0.95349,
1654695009285545216,-14.27789,2.98260,4.63311,-0.29837,-0.02706,-0.03330,0.95348,
1654695009335703296,-14.27875,2.97821,4.63333,-0.29839,-0.02694,-0.03367,0.95347,
1654695009385744896,-14.28033,2.97164,4.63493,-0.29969,-0.02662,-0.03400,0.95306,
1654695009436355072,-14.28566,2.96491,4.63761,-0.29888,-0.02642,-0.03370,0.95333,
1654695009485844736,-14.29385,2.95813,4.64009,-0.29822,-0.02713,-0.03229,0.95356,
1654695009535806464,-14.29952,2.94875,4.64124,-0.29707,-0.02726,-0.03276,0.95391,
1654695009586345216,-14.30202,2.94023,4.64113,-0.29823,-0.02673,-0.03450,0.95350,
1654695009635483392,-14.30485,2.93438,4.64117,-0.29857,-0.02667,-0.03387,0.95341,
1654695009686311936,-14.31050,2.92758,4.64169,-0.29926,-0.02689,-0.03327,0.95321,
1654695009737794560,-14.31722,2.91854,4.64242,-0.29879,-0.02728,-0.03358,0.95334,
1654695009785983232,-14.32320,2.90956,4.64323,-0.29775,-0.02748,-0.03408,0.95364,
1654695009838104576,-14.32822,2.90179,4.64443,-0.29741,-0.02735,-0.03406,0.95375,
1654695009885696768,-14.33122,2.89643,4.64599,-0.29818,-0.02702,-0.03399,0.95352,
1654695009935794944,-14.33517,2.89013,4.64820,-0.29921,-0.02720,-0.03344,0.95321,
1654695009985763840,-14.33913,2.88249,4.65119,-0.29883,-0.02730,-0.03270,0.95336,
1654695010035822080,-14.34255,2.87380,4.65442,-0.29947,-0.02734,-0.03213,0.95317,
1654695010085741056,-14.34528,2.86453,4.65691,-0.29974,-0.02739,-0.03141,0.95311,
1654695010135736576,-14.34538,2.85356,4.65821,-0.30132,-0.02753,-0.03110,0.95262,
1654695010185746944,-14.34313,2.83949,4.65851,-0.30267,-0.02710,-0.03182,0.95218,
1654695010235763200,-14.34070,2.82330,4.65858,-0.30312,-0.02679,-0.03305,0.95200,
1654695010285582080,-14.33933,2.80627,4.65892,-0.30330,-0.02717,-0.03297,0.95194,
1654695010335813376,-14.33715,2.78811,4.65928,-0.30461,-0.02715,-0.03366,0.95149,
1654695010385759232,-14.33283,2.77069,4.65948,-0.30660,-0.02710,-0.03387,0.95085,
1654695010435800832,-14.32717,2.75389,4.65979,-0.30842,-0.02680,-0.03441,0.95025,
1654695010485844480,-14.32222,2.73669,4.66077,-0.31030,-0.02647,-0.03484,0.94963,
1654695010535803648,-14.31940,2.71980,4.66271,-0.31106,-0.02657,-0.03474,0.94938,
1654695010585779712,-14.31747,2.70279,4.66513,-0.31202,-0.02671,-0.03445,0.94908,
1654695010635876352,-14.31381,2.68678,4.66713,-0.31315,-0.02660,-0.03411,0.94872,
1654695010685809408,-14.30861,2.67220,4.66847,-0.31559,-0.02614,-0.03476,0.94790,
1654695010735910912,-14.30476,2.65824,4.66985,-0.31705,-0.02579,-0.03483,0.94742,
1654695010785762304,-14.30289,2.64424,4.67164,-0.31798,-0.02583,-0.03453,0.94712,
1654695010835790848,-14.30313,2.62927,4.67364,-0.31807,-0.02593,-0.03458,0.94708,
1654695010885755392,-14.30373,2.61456,4.67521,-0.31859,-0.02625,-0.03408,0.94692,
1654695010935851264,-14.30283,2.60088,4.67612,-0.31992,-0.02620,-0.03417,0.94647,
1654695010985764096,-14.30090,2.58819,4.67658,-0.32199,-0.02610,-0.03400,0.94577,
1654695011035758080,-14.29922,2.57432,4.67694,-0.32330,-0.02605,-0.03414,0.94532,
1654695011088353280,-14.29865,2.55808,4.67778,-0.32323,-0.02622,-0.03458,0.94533,
1654695011138407168,-14.29911,2.54189,4.67919,-0.32364,-0.02641,-0.03445,0.94518,
1654695011188298496,-14.29804,2.52616,4.68079,-0.32386,-0.02647,-0.03432,0.94511,
1654695011235764480,-14.29445,2.51216,4.68213,-0.32637,-0.02648,-0.03403,0.94426,
1654695011285761536,-14.28821,2.49699,4.68370,-0.32876,-0.02617,-0.03408,0.94343,
1654695011335758592,-14.28212,2.48074,4.68567,-0.33087,-0.02602,-0.03381,0.94271,
1654695011385764352,-14.27705,2.46267,4.68793,-0.33186,-0.02592,-0.03372,0.94237,
1654695011435898624,-14.27131,2.44222,4.68974,-0.33287,-0.02585,-0.03405,0.94200,
1654695011485976064,-14.26399,2.42179,4.69074,-0.33400,-0.02553,-0.03484,0.94158,
1654695011538846464,-14.25500,2.40085,4.69131,-0.33666,-0.02512,-0.03554,0.94062,
1654695011588309248,-14.24619,2.38532,4.69238,-0.33897,-0.02509,-0.03513,0.93981,
1654695011635968512,-14.24019,2.36908,4.69323,-0.34105,-0.02527,-0.03520,0.93905,
1654695011685867264,-14.23230,2.34908,4.69410,-0.34262,-0.02545,-0.03510,0.93847,
1654695011738522624,-14.22497,2.32815,4.69534,-0.34377,-0.02529,-0.03547,0.93804,
1654695011785928704,-14.21811,2.31062,4.69658,-0.34564,-0.02523,-0.03552,0.93735,
1654695011836011520,-14.21054,2.29221,4.69801,-0.34764,-0.02519,-0.03536,0.93662,
1654695011888438016,-14.20216,2.27328,4.69967,-0.34993,-0.02501,-0.03542,0.93577,
1654695011938418176,-14.19393,2.25505,4.70153,-0.35160,-0.02472,-0.03586,0.93513,
1654695011985880320,-14.18796,2.23482,4.70314,-0.35256,-0.02454,-0.03601,0.93477,
1654695012038962944,-14.18120,2.21612,4.70564,-0.35425,-0.02456,-0.03589,0.93414,
1654695012086004480,-14.17506,2.19755,4.70725,-0.35601,-0.02454,-0.03583,0.93347,
1654695012136088576,-14.16889,2.17932,4.70888,-0.35803,-0.02444,-0.03568,0.93271,
1654695012188710144,-14.16158,2.16057,4.71045,-0.36015,-0.02418,-0.03587,0.93189,
1654695012238706944,-14.15617,2.14225,4.71185,-0.36157,-0.02427,-0.03566,0.93135,
1654695012288588544,-14.15037,2.12372,4.71295,-0.36256,-0.02435,-0.03591,0.93095,
1654695012338590976,-14.14477,2.10466,4.71384,-0.36373,-0.02427,-0.03628,0.93048,
1654695012388653824,-14.13870,2.08623,4.71460,-0.36502,-0.02415,-0.03653,0.92997,
1654695012438725120,-14.13297,2.06844,4.71567,-0.36679,-0.02413,-0.03674,0.92927,
1654695012485875200,-14.12743,2.05188,4.71703,-0.36878,-0.02449,-0.03593,0.92850,
1654695012535960064,-14.12071,2.03408,4.71870,-0.37035,-0.02438,-0.03611,0.92787,
1654695012588989952,-14.11231,2.01443,4.72054,-0.37247,-0.02426,-0.03602,0.92703,
1654695012635576576,-14.10496,1.99694,4.72233,-0.37354,-0.02398,-0.03631,0.92659,
1654695012688430592,-14.09582,1.97684,4.72441,-0.37545,-0.02369,-0.03651,0.92582,
1654695012738387200,-14.08736,1.95724,4.72641,-0.37707,-0.02364,-0.03632,0.92517,
1654695012786117120,-14.07829,1.93869,4.72805,-0.37871,-0.02338,-0.03662,0.92449,
1654695012837668096,-14.06859,1.91854,4.72946,-0.38116,-0.02323,-0.03663,0.92349,
1654695012887668736,-14.06097,1.89967,4.73076,-0.38293,-0.02322,-0.03666,0.92276,
1654695012935662592,-14.05267,1.88064,4.73166,-0.38520,-0.02329,-0.03677,0.92181,
1654695012985778688,-14.04391,1.86012,4.73257,-0.38660,-0.02330,-0.03692,0.92122,
1654695013035990272,-14.03499,1.83949,4.73344,-0.38813,-0.02320,-0.03738,0.92055,
1654695013088472320,-14.02494,1.81886,4.73443,-0.38980,-0.02301,-0.03764,0.91984,
1654695013135942144,-14.01653,1.80062,4.73559,-0.39156,-0.02300,-0.03752,0.91910,
1654695013185992448,-14.00818,1.78150,4.73713,-0.39360,-0.02294,-0.03764,0.91822,
1654695013239128320,-14.00001,1.76109,4.73910,-0.39574,-0.02294,-0.03737,0.91732,
1654695013285986304,-13.99131,1.74358,4.74096,-0.39730,-0.02283,-0.03732,0.91665,
1654695013336164608,-13.98181,1.72548,4.74283,-0.39901,-0.02262,-0.03748,0.91590,
1654695013386121984,-13.97279,1.70702,4.74464,-0.40060,-0.02258,-0.03724,0.91522,
1654695013436233216,-13.96306,1.68850,4.74630,-0.40221,-0.02228,-0.03771,0.91450,
1654695013488811776,-13.95455,1.66854,4.74810,-0.40417,-0.02228,-0.03748,0.91364,
1654695013539107072,-13.95070,1.64749,4.74987,-0.40580,-0.02242,-0.03734,0.91292,
1654695013588829952,-13.94546,1.62708,4.75111,-0.40798,-0.02247,-0.03752,0.91194,
1654695013638894336,-13.93787,1.60704,4.75208,-0.40967,-0.02246,-0.03757,0.91118,
1654695013688887296,-13.92847,1.58647,4.75292,-0.41136,-0.02228,-0.03793,0.91041,
1654695013736208896,-13.91942,1.56726,4.75381,-0.41301,-0.02215,-0.03816,0.90966,
1654695013788788736,-13.91095,1.54511,4.75517,-0.41468,-0.02225,-0.03810,0.90890,
1654695013838843392,-13.90132,1.52450,4.75652,-0.41677,-0.02218,-0.03840,0.90793,
1654695013886054656,-13.89257,1.50513,4.75792,-0.41873,-0.02206,-0.03847,0.90703,
1654695013939049728,-13.87895,1.48540,4.75968,-0.42090,-0.02179,-0.03845,0.90603,
1654695013989256960,-13.87051,1.46494,4.76163,-0.42300,-0.02167,-0.03865,0.90504,
1654695014035966976,-13.85974,1.44707,4.76346,-0.42473,-0.02167,-0.03834,0.90425,
1654695014088759808,-13.84807,1.42593,4.76535,-0.42681,-0.02141,-0.03862,0.90326,
1654695014135980288,-13.83819,1.40683,4.76686,-0.42869,-0.02118,-0.03879,0.90237,
1654695014185994240,-13.82756,1.38698,4.76824,-0.43063,-0.02121,-0.03872,0.90145,
1654695014236039680,-13.81733,1.36670,4.76950,-0.43266,-0.02101,-0.03913,0.90046,
1654695014286075392,-13.80747,1.34638,4.77066,-0.43461,-0.02115,-0.03879,0.89953,
1654695014336056064,-13.79785,1.32593,4.77172,-0.43636,-0.02102,-0.03918,0.89867,
1654695014386075904,-13.78797,1.30529,4.77282,-0.43836,-0.02095,-0.03932,0.89769,
1654695014436029440,-13.77758,1.28529,4.77401,-0.44019,-0.02091,-0.03928,0.89680,
1654695014486188032,-13.76705,1.26553,4.77534,-0.44202,-0.02067,-0.03969,0.89589,
1654695014538967552,-13.75647,1.24467,4.77701,-0.44409,-0.02069,-0.03956,0.89487,
1654695014586137856,-13.74644,1.22679,4.77862,-0.44562,-0.02049,-0.03959,0.89411,
1654695014638860032,-13.73560,1.20668,4.78056,-0.44780,-0.02030,-0.03970,0.89302,
1654695014688715776,-13.72550,1.18765,4.78242,-0.44967,-0.02033,-0.03940,0.89209,
1654695014737934336,-13.71547,1.16889,4.78416,-0.45144,-0.02002,-0.03967,0.89119,
1654695014787858688,-13.70523,1.14987,4.78589,-0.45342,-0.01996,-0.03962,0.89019,
1654695014838156032,-13.69556,1.13046,4.78746,-0.45508,-0.01993,-0.03948,0.88935,
1654695014887349504,-13.68532,1.11196,4.78880,-0.45683,-0.01978,-0.03973,0.88845,
1654695014986184704,-13.67129,1.07050,4.79117,-0.46028,-0.01991,-0.03975,0.88666,
1654695015036064000,-13.66358,1.04892,4.79227,-0.46237,-0.01995,-0.03994,0.88556,
1654695015086067712,-13.65620,1.02778,4.79327,-0.46422,-0.02007,-0.03986,0.88460,
1654695015135977216,-13.64634,1.00664,4.79457,-0.46599,-0.01979,-0.04027,0.88365,
1654695015188965376,-13.64234,0.98223,4.79594,-0.46793,-0.01986,-0.04042,0.88262,
1654695015238877696,-13.62997,0.96144,4.79776,-0.46968,-0.01969,-0.04049,0.88169,
1654695015288820224,-13.62087,0.94124,4.79936,-0.47171,-0.01950,-0.04066,0.88060,
1654695015336018688,-13.60610,0.92518,4.80088,-0.47378,-0.01930,-0.04049,0.87950,
1654695015386031104,-13.59914,0.90776,4.80195,-0.47571,-0.01926,-0.04053,0.87846,
1654695015435975424,-13.58587,0.88610,4.80406,-0.47779,-0.01894,-0.04075,0.87732,
1654695015485926656,-13.57984,0.86425,4.80563,-0.47953,-0.01907,-0.04058,0.87638,
1654695015535375616,-13.56950,0.84314,4.80719,-0.48141,-0.01892,-0.04077,0.87534,
1654695015585603328,-13.56130,0.82343,4.80822,-0.48347,-0.01896,-0.04086,0.87420,
1654695015635922432,-13.54537,0.80460,4.80951,-0.48545,-0.01878,-0.04076,0.87311,
1654695015688914176,-13.54353,0.78178,4.81026,-0.48752,-0.01885,-0.04117,0.87193,
1654695015736475392,-13.53156,0.76091,4.81171,-0.48925,-0.01876,-0.04112,0.87097,
1654695015788721920,-13.53640,0.73430,4.81285,-0.49087,-0.01897,-0.04150,0.87004,
1654695015838943488,-13.51707,0.71455,4.81463,-0.49282,-0.01848,-0.04181,0.86893,
1654695015888913920,-13.50965,0.69886,4.81549,-0.49476,-0.01862,-0.04150,0.86784,
1654695015935953152,-13.49351,0.68135,4.81739,-0.49667,-0.01822,-0.04155,0.86675,
1654695016036234496,-13.46652,0.64356,4.82137,0.50043,0.01795,0.04124,-0.86461,
1654695016186181120,-13.43515,0.58357,4.82637,0.50588,0.01741,0.04155,-0.86143,
1654695016336731648,-13.40766,0.51954,4.83037,0.51140,0.01724,0.04211,-0.85814,
1654695016438895616,-13.39709,0.47245,4.83313,0.51507,0.01740,0.04220,-0.85593,
1654695016636410880,-13.36578,0.37996,4.84050,0.52225,0.01683,0.04265,-0.85156,
1654695016785899264,-13.35800,0.29831,4.84670,0.52775,0.01664,0.04280,-0.84816,
1654695016888847104,-13.34874,0.26687,4.84926,0.53116,0.01655,0.04282,-0.84603,
1654695017036296192,-13.33061,0.17727,4.85466,0.53660,0.01629,0.04314,-0.84257,
1654695017186026752,-13.23468,0.18834,4.85622,0.54181,0.01568,0.04265,-0.83927,
1654695017288917248,-13.18141,0.19081,4.85810,0.54549,0.01526,0.04242,-0.83691,
1654695017489238272,-13.16853,0.08207,4.86607,0.55290,0.01501,0.04272,-0.83202,
1654695017688929792,-13.13431,-0.00429,4.87146,0.56013,0.01457,0.04347,-0.82714,
1654695017886167040,-13.10227,-0.06361,4.87559,0.56710,0.01444,0.04331,-0.82238,
1654695018039509248,-13.06739,-0.12018,4.88083,0.57262,0.01407,0.04327,-0.81856,
1654695018186158848,-13.03610,-0.17172,4.88456,0.57770,0.01361,0.04360,-0.81497,
1654695018337466112,-12.99663,-0.21317,4.88773,0.58299,0.01332,0.04384,-0.81118,
1654695018485646080,-12.96953,-0.25391,4.89085,0.58825,0.01299,0.04407,-0.80737,
1654695018636006912,-12.93498,-0.32253,4.89638,0.59331,0.01257,0.04435,-0.80366,
1654695018785875200,-12.89259,-0.34523,4.89975,0.59859,0.01237,0.04409,-0.79975,
1654695018985881600,-12.85947,-0.42335,4.90493,0.60496,0.01201,0.04449,-0.79492,
1654695019188694272,-12.81047,-0.48275,4.90988,0.61187,0.01162,0.04476,-0.78960,
1654695019388848128,-12.78029,-0.55941,4.91603,0.61857,0.01127,0.04479,-0.78437,
1654695019588925440,-12.74527,-0.61119,4.92018,0.62542,0.01088,0.04511,-0.77890,
1654695019788739072,-12.70985,-0.67093,4.92489,0.63193,0.01058,0.04526,-0.77363,
1654695019985957376,-12.68098,-0.74403,4.93097,0.63859,0.01005,0.04562,-0.76813,
1654695020185901056,-12.63879,-0.79560,4.93613,0.64523,0.00971,0.04558,-0.76256,
1654695020388855552,-12.58961,-0.83612,4.94036,0.65175,0.00925,0.04595,-0.75698,
1654695020588769792,-12.54223,-0.86581,4.94497,0.65806,0.00886,0.04569,-0.75153,
1654695020786128896,-12.52185,-0.89429,4.94811,0.66458,0.00845,0.04595,-0.74575,
1654695020988856320,-12.44690,-0.85618,4.94932,0.67095,0.00799,0.04568,-0.74005,
1654695021189025280,-12.41457,-0.88830,4.95367,0.67712,0.00748,0.04599,-0.73439,
1654695021439012096,-12.36519,-0.91924,4.95944,0.68484,0.00689,0.04602,-0.72721,
1654695021688642304,-12.33443,-0.97780,4.96421,0.69250,0.00640,0.04635,-0.71990,
1654695021938115328,-12.31127,-1.03804,4.97038,0.69964,0.00582,0.04653,-0.71296,
1654695022188050944,-12.28608,-1.08229,4.97624,0.70654,0.00564,0.04640,-0.70613,
1654695022438449920,-12.24522,-1.08534,4.97919,0.71341,0.00516,0.04659,-0.69918,
1654695022687201280,-12.22222,-1.14454,4.98598,0.72070,0.00481,0.04667,-0.69166,
1654695022936050944,-12.16428,-1.13240,4.98887,0.72779,0.00411,0.04707,-0.68417,
1654695023185965824,-12.10343,-1.12025,4.99277,0.73486,0.00343,0.04730,-0.67656,
1654695023438874624,-12.06910,-1.11982,4.99704,0.74163,0.00295,0.04727,-0.66913,
1654695023685933568,-12.03994,-1.12982,5.00076,0.74822,0.00259,0.04750,-0.66174,
1654695023936028160,-12.00721,-1.12952,5.00544,0.75493,0.00223,0.04755,-0.65408,
1654695024188651008,-11.97999,-1.12944,5.00983,0.76147,0.00168,0.04768,-0.64644,
1654695024438805504,-11.94892,-1.11960,5.01357,0.76795,0.00110,0.04794,-0.63872,
1654695024688775168,-11.93980,-1.11858,5.01848,0.77441,0.00075,0.04785,-0.63087,
1654695024937005312,-11.96840,-1.18758,5.02443,0.78047,0.00043,0.04820,-0.62333,
1654695025186260736,-11.99776,-1.36712,5.03427,0.78628,-0.00014,0.04886,-0.61594,
1654695025438948352,-12.00994,-1.36755,5.03861,0.79230,-0.00088,0.04899,-0.60816,
1654695025686146304,-11.99821,-1.35942,5.04280,0.79765,-0.00131,0.04903,-0.60112,
1654695025988793344,-11.99598,-1.40090,5.05200,0.80343,-0.00171,0.04892,-0.59338,
1654695026288877312,-12.02193,-1.41471,5.05847,0.80884,-0.00216,0.04905,-0.58598,
1654695026585943040,-12.04432,-1.49208,5.06708,0.81377,-0.00308,0.04960,-0.57906,
1654695026985891840,-12.11767,-1.52029,5.07758,0.81797,-0.00309,0.04941,-0.57312,
1654695027736032768,-12.24880,-1.55972,5.09802,0.82369,-0.00418,0.04973,-0.56484,
1654695031385989888,-12.21691,-1.15697,4.92103,0.82410,-0.00276,0.05391,-0.56387,
1654695033489098752,-11.36410,-1.25194,4.38456,0.82579,-0.00356,0.05285,-0.56148,
1654695035638764800,-11.04496,-1.52072,4.13997,0.82740,-0.00422,0.05248,-0.55914,
1654695037286076672,-10.98721,-1.54633,3.94850,0.82786,-0.00479,0.05169,-0.55852,
1654695038386262016,-10.95547,-1.55832,3.79993,0.82836,-0.00538,0.05117,-0.55782,
1654695039386101248,-10.98263,-1.52375,3.62344,0.82936,-0.00583,0.05034,-0.55641,
1654695040289162496,-10.94949,-1.54876,3.44104,0.83005,-0.00615,0.04968,-0.55544,
1654695041139441920,-10.94922,-1.54158,3.24494,0.83088,-0.00670,0.04878,-0.55427,
1654695042290027520,-10.93214,-1.55060,2.97852,0.83172,-0.00733,0.04734,-0.55313,
1654695043435468032,-10.90098,-1.59390,2.67230,0.83256,-0.00750,0.04587,-0.55198,
1654695044536291072,-10.92643,-1.58304,2.41464,0.83302,-0.00771,0.04458,-0.55139,
1654695046488776960,-10.99443,-1.56372,2.10210,0.83398,-0.00800,0.04256,-0.55010,
1654695049486315776,-10.92185,-1.58730,2.02324,0.83969,-0.00831,0.04225,-0.54136,
1654695050035321088,-10.81223,-1.49133,2.09634,0.84304,-0.00934,0.04260,-0.53609,
1654695050586620672,-10.68917,-1.46465,2.07357,0.84859,-0.01006,0.04281,-0.52722,
1654695050935807744,-10.61163,-1.43232,2.07741,0.85327,-0.00992,0.04192,-0.51969,
1654695051337538816,-10.51532,-1.39141,2.05808,0.85767,-0.01048,0.04251,-0.51233,
1654695051688544256,-10.43395,-1.34099,2.05724,0.86241,-0.01113,0.04252,-0.50430,
1654695051985893376,-10.34215,-1.29075,2.04645,0.86685,-0.01126,0.04242,-0.49664,
1654695052335961600,-10.23880,-1.20016,2.03951,0.87211,-0.01198,0.04269,-0.48730,
1654695052685946112,-10.14628,-1.12785,2.04254,0.87704,-0.01226,0.04238,-0.47838,
1654695053036046592,-10.03685,-1.05870,2.03521,0.88249,-0.01259,0.04294,-0.46820,
1654695053335934208,-9.93850,-0.98691,2.03470,0.88709,-0.01306,0.04247,-0.45945,
1654695053638629376,-9.84863,-0.92709,2.02752,0.89098,-0.01379,0.04317,-0.45178,
1654695053938818816,-9.75250,-0.85603,2.02731,0.89538,-0.01409,0.04265,-0.44303,
1654695054235674112,-9.65292,-0.78389,2.02198,0.89994,-0.01428,0.04301,-0.43364,
1654695054536095232,-9.56328,-0.71774,2.02064,0.90390,-0.01447,0.04262,-0.42537,
1654695054786387712,-9.48830,-0.65738,2.01785,0.90699,-0.01482,0.04291,-0.41871,
1654695055038709760,-9.40929,-0.59473,2.01578,0.91032,-0.01503,0.04280,-0.41141,
1654695055186195200,-9.36194,-0.55383,2.01684,0.91234,-0.01516,0.04246,-0.40695,
1654695055236288768,-9.34698,-0.53856,2.01694,0.91304,-0.01545,0.04260,-0.40535,
1654695055288865024,-9.33216,-0.52305,2.01683,0.91384,-0.01520,0.04244,-0.40357,
1654695055338941440,-9.31635,-0.50996,2.01570,0.91446,-0.01547,0.04263,-0.40212,
1654695055386255360,-9.30299,-0.49790,2.01498,0.91503,-0.01555,0.04271,-0.40082,
1654695055438674432,-9.28767,-0.48498,2.01414,0.91571,-0.01538,0.04267,-0.39926,
1654695055486347520,-9.27367,-0.47329,2.01370,0.91617,-0.01568,0.04274,-0.39818,
1654695055789043200,-9.18823,-0.40592,2.01314,0.91927,-0.01591,0.04234,-0.39101,
1654695055988865792,-9.13317,-0.36108,2.01066,0.92135,-0.01580,0.04236,-0.38610,
1654695056336025856,-9.05018,-0.29920,2.00938,0.92373,-0.01615,0.04227,-0.38036,
1654695060486054912,-8.38325,-0.40652,1.49159,0.92478,-0.01364,0.04456,-0.37764,
1654695062738748672,-8.39421,-0.77338,1.01630,0.92528,-0.01024,0.04865,-0.37600,
1654695064138570752,-8.70288,-0.91441,0.86828,0.92524,-0.00897,0.05001,-0.37597,
1654695064888197120,-8.22451,-0.81935,0.75412,0.92526,-0.00823,0.05280,-0.37556,
1654695068935971584,-10.46372,-0.44401,0.57182,0.92515,-0.00602,0.04978,-0.37627,
1654695070788744960,-8.34370,-0.97627,0.40883,0.92520,-0.00727,0.05463,-0.37545,
1654695072336324096,-8.08332,-1.32120,0.28647,0.92517,-0.00722,0.05570,-0.37537,
1654695076988600320,-7.39746,-2.53173,0.05078,0.92560,0.00434,0.04822,-0.37539,
